# file,target — generated by: node scripts/qaap-refactor/split-settle.js <graph> --ignore-type-edges --overrides scripts/qaap-refactor/split-overrides.csv
packages/qaap-mobile-shell/src/browser/ensure-transcript-surface-css.ts,work-hub
packages/qaap-mobile-shell/src/browser/long-press-context-menu.ts,mechanics
packages/qaap-mobile-shell/src/browser/mobile-agent-task-composer.ts,composer
packages/qaap-mobile-shell/src/browser/mobile-chat-session-restore-contribution.ts,work-hub
packages/qaap-mobile-shell/src/browser/mobile-closing-error-card.ts,transcript
packages/qaap-mobile-shell/src/browser/mobile-connection-status-contribution.ts,work-hub
packages/qaap-mobile-shell/src/browser/mobile-diff-summary-renderer.ts,diff-review
packages/qaap-mobile-shell/src/browser/mobile-editor-gesture-contribution.ts,mechanics
packages/qaap-mobile-shell/src/browser/mobile-execution-event-builder.ts,transcript
packages/qaap-mobile-shell/src/browser/mobile-execution-event-fingerprint.ts,transcript
packages/qaap-mobile-shell/src/browser/mobile-execution-event-renderer.ts,transcript
packages/qaap-mobile-shell/src/browser/mobile-execution-event-types.ts,transcript
packages/qaap-mobile-shell/src/browser/mobile-execution-timeline-patcher.ts,transcript
packages/qaap-mobile-shell/src/browser/mobile-execution-timeline-state.ts,transcript
packages/qaap-mobile-shell/src/browser/mobile-haptics.ts,mechanics
packages/qaap-mobile-shell/src/browser/mobile-horizontal-touch-scroll.ts,mechanics
packages/qaap-mobile-shell/src/browser/mobile-keyboard-helper.spec.ts,mechanics
packages/qaap-mobile-shell/src/browser/mobile-keyboard-helper.ts,mechanics
packages/qaap-mobile-shell/src/browser/mobile-onboarding-tutorial-contribution.ts,work-hub
packages/qaap-mobile-shell/src/browser/mobile-one-column-shell-contribution-activity.ts,work-hub
packages/qaap-mobile-shell/src/browser/mobile-one-column-shell-contribution-context.ts,work-hub
packages/qaap-mobile-shell/src/browser/mobile-one-column-shell-contribution-render.ts,work-hub
packages/qaap-mobile-shell/src/browser/mobile-one-column-shell-contribution-streaming.ts,work-hub
packages/qaap-mobile-shell/src/browser/mobile-one-column-shell-contribution-timeline.ts,work-hub
packages/qaap-mobile-shell/src/browser/mobile-one-column-shell-contribution.ts,work-hub
packages/qaap-mobile-shell/src/browser/mobile-one-column-shell-helpers.ts,work-hub
packages/qaap-mobile-shell/src/browser/mobile-open-repository-dialog.spec.ts,work-hub
packages/qaap-mobile-shell/src/browser/mobile-open-repository-dialog.ts,work-hub
packages/qaap-mobile-shell/src/browser/mobile-panel-resize-drag.spec.ts,mechanics
packages/qaap-mobile-shell/src/browser/mobile-panel-resize-drag.ts,mechanics
packages/qaap-mobile-shell/src/browser/mobile-process-accordion.ts,transcript
packages/qaap-mobile-shell/src/browser/mobile-project-ai-chat-input-widget.ts,composer
packages/qaap-mobile-shell/src/browser/mobile-projects-active-task-actions-ui.ts,work-hub
packages/qaap-mobile-shell/src/browser/mobile-projects-active-tasks.spec.ts,shared-core
packages/qaap-mobile-shell/src/browser/mobile-projects-active-tasks.ts,shared-core
packages/qaap-mobile-shell/src/browser/mobile-projects-agents-hub-inline-ui.spec.ts,work-hub
packages/qaap-mobile-shell/src/browser/mobile-projects-agents-hub-inline-ui.ts,work-hub
packages/qaap-mobile-shell/src/browser/mobile-projects-background-task-ui.spec.ts,work-hub
packages/qaap-mobile-shell/src/browser/mobile-projects-background-task-ui.ts,work-hub
packages/qaap-mobile-shell/src/browser/mobile-projects-card-menu-ui.spec.ts,work-hub
packages/qaap-mobile-shell/src/browser/mobile-projects-card-menu-ui.ts,work-hub
packages/qaap-mobile-shell/src/browser/mobile-projects-chat-service-summaries-ui.ts,work-hub
packages/qaap-mobile-shell/src/browser/mobile-projects-composer-header-ui.ts,composer
packages/qaap-mobile-shell/src/browser/mobile-projects-conversation-actions-ui.spec.ts,work-hub
packages/qaap-mobile-shell/src/browser/mobile-projects-conversation-actions-ui.ts,work-hub
packages/qaap-mobile-shell/src/browser/mobile-projects-conversation-flags.ts,shared-core
packages/qaap-mobile-shell/src/browser/mobile-projects-conversation-index-ui.ts,shared-core
packages/qaap-mobile-shell/src/browser/mobile-projects-conversation-open-ui.spec.ts,work-hub
packages/qaap-mobile-shell/src/browser/mobile-projects-conversation-open-ui.ts,work-hub
packages/qaap-mobile-shell/src/browser/mobile-projects-conversations-context.ts,shared-core
packages/qaap-mobile-shell/src/browser/mobile-projects-conversations-deletion.spec.ts,shared-core
packages/qaap-mobile-shell/src/browser/mobile-projects-conversations-perf-probe.spec.ts,shared-core
packages/qaap-mobile-shell/src/browser/mobile-projects-conversations-render.ts,shared-core
packages/qaap-mobile-shell/src/browser/mobile-projects-conversations-streaming.spec.ts,shared-core
packages/qaap-mobile-shell/src/browser/mobile-projects-conversations-streaming.ts,shared-core
packages/qaap-mobile-shell/src/browser/mobile-projects-conversations.ts,shared-core
packages/qaap-mobile-shell/src/browser/mobile-projects-dashboard-commands.ts,shared-core
packages/qaap-mobile-shell/src/browser/mobile-projects-dedup.spec.ts,shared-core
packages/qaap-mobile-shell/src/browser/mobile-projects-dedup.ts,shared-core
packages/qaap-mobile-shell/src/browser/mobile-projects-diff-hub-ui.ts,diff-review
packages/qaap-mobile-shell/src/browser/mobile-projects-execution-surface-sidebar-css.spec.ts,work-hub
packages/qaap-mobile-shell/src/browser/mobile-projects-execution-surface-tabs-ui-context.ts,work-hub
packages/qaap-mobile-shell/src/browser/mobile-projects-execution-surface-tabs-ui-render.ts,work-hub
packages/qaap-mobile-shell/src/browser/mobile-projects-execution-surface-tabs-ui-streaming.ts,work-hub
packages/qaap-mobile-shell/src/browser/mobile-projects-execution-surface-tabs-ui-timeline.ts,work-hub
packages/qaap-mobile-shell/src/browser/mobile-projects-execution-surface-tabs-ui.spec.ts,work-hub
packages/qaap-mobile-shell/src/browser/mobile-projects-execution-surface-tabs-ui.ts,work-hub
packages/qaap-mobile-shell/src/browser/mobile-projects-home-hub-ui.ts,work-hub
packages/qaap-mobile-shell/src/browser/mobile-projects-home-ui.spec.ts,work-hub
packages/qaap-mobile-shell/src/browser/mobile-projects-home-ui.ts,work-hub
packages/qaap-mobile-shell/src/browser/mobile-projects-hub-catalog-ui.ts,work-hub
packages/qaap-mobile-shell/src/browser/mobile-projects-hub-header-ui.spec.ts,work-hub
packages/qaap-mobile-shell/src/browser/mobile-projects-hub-header-ui.ts,work-hub
packages/qaap-mobile-shell/src/browser/mobile-projects-hub-incremental-ui.spec.ts,work-hub
packages/qaap-mobile-shell/src/browser/mobile-projects-hub-incremental-ui.ts,work-hub
packages/qaap-mobile-shell/src/browser/mobile-projects-hub-landing-ui.ts,work-hub
packages/qaap-mobile-shell/src/browser/mobile-projects-hub-list-chrome-ui.ts,work-hub
packages/qaap-mobile-shell/src/browser/mobile-projects-hub-list-render-scheduler.spec.ts,work-hub
packages/qaap-mobile-shell/src/browser/mobile-projects-hub-query-ui.ts,shared-core
packages/qaap-mobile-shell/src/browser/mobile-projects-hub-render-ui.ts,work-hub
packages/qaap-mobile-shell/src/browser/mobile-projects-hub-team-data-ui.ts,work-hub
packages/qaap-mobile-shell/src/browser/mobile-projects-inbox-pr-ui.ts,work-hub
packages/qaap-mobile-shell/src/browser/mobile-projects-mission-control-hub-ui.ts,work-hub
packages/qaap-mobile-shell/src/browser/mobile-projects-open.spec.ts,shared-core
packages/qaap-mobile-shell/src/browser/mobile-projects-open.ts,shared-core
packages/qaap-mobile-shell/src/browser/mobile-projects-overlay-factory-ui.ts,work-hub
packages/qaap-mobile-shell/src/browser/mobile-projects-panel-activity.ts,work-hub
packages/qaap-mobile-shell/src/browser/mobile-projects-panel-chrome-ui.spec.ts,work-hub
packages/qaap-mobile-shell/src/browser/mobile-projects-panel-chrome-ui.ts,work-hub
packages/qaap-mobile-shell/src/browser/mobile-projects-panel-context.ts,work-hub
packages/qaap-mobile-shell/src/browser/mobile-projects-panel-delegates.spec.ts,work-hub
packages/qaap-mobile-shell/src/browser/mobile-projects-panel-dom-helpers.ts,work-hub
packages/qaap-mobile-shell/src/browser/mobile-projects-panel-factory.spec.ts,work-hub
packages/qaap-mobile-shell/src/browser/mobile-projects-panel-factory.ts,work-hub
packages/qaap-mobile-shell/src/browser/mobile-projects-panel-helpers.spec.ts,work-hub
packages/qaap-mobile-shell/src/browser/mobile-projects-panel-helpers.ts,work-hub
packages/qaap-mobile-shell/src/browser/mobile-projects-panel-init.ts,work-hub
packages/qaap-mobile-shell/src/browser/mobile-projects-panel-lifecycle-ui.spec.ts,work-hub
packages/qaap-mobile-shell/src/browser/mobile-projects-panel-lifecycle-ui.ts,work-hub
packages/qaap-mobile-shell/src/browser/mobile-projects-panel-render.spec.ts,work-hub
packages/qaap-mobile-shell/src/browser/mobile-projects-panel-render.ts,work-hub
packages/qaap-mobile-shell/src/browser/mobile-projects-panel-streaming.ts,work-hub
packages/qaap-mobile-shell/src/browser/mobile-projects-panel-timeline.ts,work-hub
packages/qaap-mobile-shell/src/browser/mobile-projects-panel-types.ts,work-hub
packages/qaap-mobile-shell/src/browser/mobile-projects-panel.ts,work-hub
packages/qaap-mobile-shell/src/browser/mobile-projects-parallel-ui.ts,work-hub
packages/qaap-mobile-shell/src/browser/mobile-projects-project-actions-ui.spec.ts,work-hub
packages/qaap-mobile-shell/src/browser/mobile-projects-project-actions-ui.ts,work-hub
packages/qaap-mobile-shell/src/browser/mobile-projects-project-detail-ui.ts,work-hub
packages/qaap-mobile-shell/src/browser/mobile-projects-project-navigation-ui.ts,work-hub
packages/qaap-mobile-shell/src/browser/mobile-projects-project-rows-git-status-ui.spec.ts,work-hub
packages/qaap-mobile-shell/src/browser/mobile-projects-project-rows-sidebar-hover-actions.spec.ts,work-hub
packages/qaap-mobile-shell/src/browser/mobile-projects-project-rows-ui-activity.ts,work-hub
packages/qaap-mobile-shell/src/browser/mobile-projects-project-rows-ui-context.ts,work-hub
packages/qaap-mobile-shell/src/browser/mobile-projects-project-rows-ui-render.ts,work-hub
packages/qaap-mobile-shell/src/browser/mobile-projects-project-rows-ui-streaming.ts,work-hub
packages/qaap-mobile-shell/src/browser/mobile-projects-project-rows-ui-timeline.ts,work-hub
packages/qaap-mobile-shell/src/browser/mobile-projects-project-rows-ui.spec.ts,work-hub
packages/qaap-mobile-shell/src/browser/mobile-projects-project-rows-ui.ts,work-hub
packages/qaap-mobile-shell/src/browser/mobile-projects-pull-request-detail-ui.ts,diff-review
packages/qaap-mobile-shell/src/browser/mobile-projects-pull-requests-sidebar-ui.spec.ts,work-hub
packages/qaap-mobile-shell/src/browser/mobile-projects-pull-requests-sidebar-ui.ts,work-hub
packages/qaap-mobile-shell/src/browser/mobile-projects-readme-contribution.ts,work-hub
packages/qaap-mobile-shell/src/browser/mobile-projects-remove-confirm.spec.ts,work-hub
packages/qaap-mobile-shell/src/browser/mobile-projects-remove-confirm.ts,work-hub
packages/qaap-mobile-shell/src/browser/mobile-projects-render-list-ui.ts,work-hub
packages/qaap-mobile-shell/src/browser/mobile-projects-repo-filters-ui.ts,work-hub
packages/qaap-mobile-shell/src/browser/mobile-projects-repo-lifecycle-ui.ts,work-hub
packages/qaap-mobile-shell/src/browser/mobile-projects-service-context.ts,shared-core
packages/qaap-mobile-shell/src/browser/mobile-projects-service-render.ts,shared-core
packages/qaap-mobile-shell/src/browser/mobile-projects-service-streaming.ts,shared-core
packages/qaap-mobile-shell/src/browser/mobile-projects-service-timeline.ts,shared-core
packages/qaap-mobile-shell/src/browser/mobile-projects-service.ts,shared-core
packages/qaap-mobile-shell/src/browser/mobile-projects-session-cache.spec.ts,shared-core
packages/qaap-mobile-shell/src/browser/mobile-projects-session-cache.ts,shared-core
packages/qaap-mobile-shell/src/browser/mobile-projects-sessions-sidebar-head-popover.spec.ts,work-hub
packages/qaap-mobile-shell/src/browser/mobile-projects-sessions-sidebar-ui-context.ts,work-hub
packages/qaap-mobile-shell/src/browser/mobile-projects-sessions-sidebar-ui-render.ts,work-hub
packages/qaap-mobile-shell/src/browser/mobile-projects-sessions-sidebar-ui-streaming.ts,work-hub
packages/qaap-mobile-shell/src/browser/mobile-projects-sessions-sidebar-ui-timeline.ts,work-hub
packages/qaap-mobile-shell/src/browser/mobile-projects-sessions-sidebar-ui.spec.ts,work-hub
packages/qaap-mobile-shell/src/browser/mobile-projects-sessions-sidebar-ui.ts,work-hub
packages/qaap-mobile-shell/src/browser/mobile-projects-sticky-composer-agents-ui.spec.ts,composer
packages/qaap-mobile-shell/src/browser/mobile-projects-sticky-composer-agents-ui.ts,composer
packages/qaap-mobile-shell/src/browser/mobile-projects-sticky-composer-column-ui.ts,composer
packages/qaap-mobile-shell/src/browser/mobile-projects-sticky-composer-context-ui.ts,composer
packages/qaap-mobile-shell/src/browser/mobile-projects-sticky-composer-render-ui.ts,composer
packages/qaap-mobile-shell/src/browser/mobile-projects-sticky-composer-send-icon.spec.ts,composer
packages/qaap-mobile-shell/src/browser/mobile-projects-sticky-composer-send-icon.ts,composer
packages/qaap-mobile-shell/src/browser/mobile-projects-sticky-composer-sheets-ui-activity.ts,composer
packages/qaap-mobile-shell/src/browser/mobile-projects-sticky-composer-sheets-ui-context.ts,composer
packages/qaap-mobile-shell/src/browser/mobile-projects-sticky-composer-sheets-ui-render.ts,composer
packages/qaap-mobile-shell/src/browser/mobile-projects-sticky-composer-sheets-ui-streaming.ts,composer
packages/qaap-mobile-shell/src/browser/mobile-projects-sticky-composer-sheets-ui-timeline.ts,composer
packages/qaap-mobile-shell/src/browser/mobile-projects-sticky-composer-sheets-ui.ts,composer
packages/qaap-mobile-shell/src/browser/mobile-projects-sticky-composer-workspace-ui.spec.ts,composer
packages/qaap-mobile-shell/src/browser/mobile-projects-sticky-composer-workspace-ui.ts,composer
packages/qaap-mobile-shell/src/browser/mobile-projects-subtitle-ui.ts,work-hub
packages/qaap-mobile-shell/src/browser/mobile-projects-task-history-filters.spec.ts,work-hub
packages/qaap-mobile-shell/src/browser/mobile-projects-task-history-filters.ts,work-hub
packages/qaap-mobile-shell/src/browser/mobile-projects-task-title-marquee.spec.ts,work-hub
packages/qaap-mobile-shell/src/browser/mobile-projects-task-title-marquee.ts,work-hub
packages/qaap-mobile-shell/src/browser/mobile-projects-tasks-hub-attention-ui.ts,work-hub
packages/qaap-mobile-shell/src/browser/mobile-projects-tasks-hub-ui-context.ts,work-hub
packages/qaap-mobile-shell/src/browser/mobile-projects-tasks-hub-ui-render.spec.ts,work-hub
packages/qaap-mobile-shell/src/browser/mobile-projects-tasks-hub-ui-render.ts,work-hub
packages/qaap-mobile-shell/src/browser/mobile-projects-tasks-hub-ui-streaming.ts,work-hub
packages/qaap-mobile-shell/src/browser/mobile-projects-tasks-hub-ui-timeline.ts,work-hub
packages/qaap-mobile-shell/src/browser/mobile-projects-tasks-hub-ui.ts,work-hub
packages/qaap-mobile-shell/src/browser/mobile-projects-tasks-hub-working-pill.spec.ts,work-hub
packages/qaap-mobile-shell/src/browser/mobile-projects-team-hub-ui.ts,work-hub
packages/qaap-mobile-shell/src/browser/mobile-projects-team-ui.ts,work-hub
packages/qaap-mobile-shell/src/browser/mobile-projects-theia-chat-session-ui.ts,work-hub
packages/qaap-mobile-shell/src/browser/mobile-projects-transcript-cache-trust.spec.ts,transcript
packages/qaap-mobile-shell/src/browser/mobile-projects-transcript-composer-ui.ts,composer
packages/qaap-mobile-shell/src/browser/mobile-projects-transcript-header-ui.ts,transcript
packages/qaap-mobile-shell/src/browser/mobile-projects-transcript-history-ui.ts,transcript
packages/qaap-mobile-shell/src/browser/mobile-projects-transcript-live-ui-activity.ts,transcript
packages/qaap-mobile-shell/src/browser/mobile-projects-transcript-live-ui-context.ts,transcript
packages/qaap-mobile-shell/src/browser/mobile-projects-transcript-live-ui-render.ts,transcript
packages/qaap-mobile-shell/src/browser/mobile-projects-transcript-live-ui-streaming.ts,transcript
packages/qaap-mobile-shell/src/browser/mobile-projects-transcript-live-ui-timeline.ts,transcript
packages/qaap-mobile-shell/src/browser/mobile-projects-transcript-live-ui.spec.ts,transcript
packages/qaap-mobile-shell/src/browser/mobile-projects-transcript-live-ui.ts,transcript
packages/qaap-mobile-shell/src/browser/mobile-projects-transcript-lobehub-ui.ts,transcript
packages/qaap-mobile-shell/src/browser/mobile-projects-transcript-messages-artifacts-helpers.ts,transcript
packages/qaap-mobile-shell/src/browser/mobile-projects-transcript-messages-artifacts-ui-activity-chrome.ts,transcript
packages/qaap-mobile-shell/src/browser/mobile-projects-transcript-messages-artifacts-ui-activity-content.ts,transcript
packages/qaap-mobile-shell/src/browser/mobile-projects-transcript-messages-artifacts-ui-activity-expand.ts,transcript
packages/qaap-mobile-shell/src/browser/mobile-projects-transcript-messages-artifacts-ui-activity-summary.ts,transcript
packages/qaap-mobile-shell/src/browser/mobile-projects-transcript-messages-artifacts-ui-activity.ts,transcript
packages/qaap-mobile-shell/src/browser/mobile-projects-transcript-messages-artifacts-ui-constants.ts,transcript
packages/qaap-mobile-shell/src/browser/mobile-projects-transcript-messages-artifacts-ui-context.ts,transcript
packages/qaap-mobile-shell/src/browser/mobile-projects-transcript-messages-artifacts-ui-diff.ts,transcript
packages/qaap-mobile-shell/src/browser/mobile-projects-transcript-messages-artifacts-ui-live-status.ts,transcript
packages/qaap-mobile-shell/src/browser/mobile-projects-transcript-messages-artifacts-ui-render.ts,transcript
packages/qaap-mobile-shell/src/browser/mobile-projects-transcript-messages-artifacts-ui-streaming.ts,transcript
packages/qaap-mobile-shell/src/browser/mobile-projects-transcript-messages-artifacts-ui-thought-brief.ts,transcript
packages/qaap-mobile-shell/src/browser/mobile-projects-transcript-messages-artifacts-ui-timeline.ts,transcript
packages/qaap-mobile-shell/src/browser/mobile-projects-transcript-messages-artifacts-ui-tool-pills.ts,transcript
packages/qaap-mobile-shell/src/browser/mobile-projects-transcript-messages-artifacts-ui.ts,transcript
packages/qaap-mobile-shell/src/browser/mobile-projects-transcript-messages-content-ui.spec.ts,transcript
packages/qaap-mobile-shell/src/browser/mobile-projects-transcript-messages-content-ui.ts,transcript
packages/qaap-mobile-shell/src/browser/mobile-projects-transcript-messages-render-ui-activity.ts,transcript
packages/qaap-mobile-shell/src/browser/mobile-projects-transcript-messages-render-ui-context.ts,transcript
packages/qaap-mobile-shell/src/browser/mobile-projects-transcript-messages-render-ui-render.ts,transcript
packages/qaap-mobile-shell/src/browser/mobile-projects-transcript-messages-render-ui-streaming.ts,transcript
packages/qaap-mobile-shell/src/browser/mobile-projects-transcript-messages-render-ui-timeline.ts,transcript
packages/qaap-mobile-shell/src/browser/mobile-projects-transcript-messages-render-ui.spec.ts,transcript
packages/qaap-mobile-shell/src/browser/mobile-projects-transcript-messages-render-ui.ts,transcript
packages/qaap-mobile-shell/src/browser/mobile-projects-transcript-messages-resolvers-ui.ts,transcript
packages/qaap-mobile-shell/src/browser/mobile-projects-transcript-messages-tool-helpers.ts,transcript
packages/qaap-mobile-shell/src/browser/mobile-projects-transcript-messages-tool-ui-activity.ts,transcript
packages/qaap-mobile-shell/src/browser/mobile-projects-transcript-messages-tool-ui-context.ts,transcript
packages/qaap-mobile-shell/src/browser/mobile-projects-transcript-messages-tool-ui-render.ts,transcript
packages/qaap-mobile-shell/src/browser/mobile-projects-transcript-messages-tool-ui-streaming.ts,transcript
packages/qaap-mobile-shell/src/browser/mobile-projects-transcript-messages-tool-ui-timeline.ts,transcript
packages/qaap-mobile-shell/src/browser/mobile-projects-transcript-messages-tool-ui-tool-pills.ts,transcript
packages/qaap-mobile-shell/src/browser/mobile-projects-transcript-messages-tool-ui.spec.ts,transcript
packages/qaap-mobile-shell/src/browser/mobile-projects-transcript-messages-tool-ui.ts,transcript
packages/qaap-mobile-shell/src/browser/mobile-projects-transcript-messages-ui.spec.ts,transcript
packages/qaap-mobile-shell/src/browser/mobile-projects-transcript-messages-ui.ts,transcript
packages/qaap-mobile-shell/src/browser/mobile-projects-transcript-messages-user-ui.ts,transcript
packages/qaap-mobile-shell/src/browser/mobile-projects-transcript-overlay-controller.ts,work-hub
packages/qaap-mobile-shell/src/browser/mobile-projects-transcript-overlay-host.spec.ts,work-hub
packages/qaap-mobile-shell/src/browser/mobile-projects-transcript-overlay-host.ts,work-hub
packages/qaap-mobile-shell/src/browser/mobile-projects-transcript-sheet-ui.spec.ts,work-hub
packages/qaap-mobile-shell/src/browser/mobile-projects-transcript-sheet-ui.ts,work-hub
packages/qaap-mobile-shell/src/browser/mobile-projects-transcript-sticky-composer-helpers.ts,composer
packages/qaap-mobile-shell/src/browser/mobile-projects-transcript-sticky-composer-ui-activity.ts,composer
packages/qaap-mobile-shell/src/browser/mobile-projects-transcript-sticky-composer-ui-context.ts,composer
packages/qaap-mobile-shell/src/browser/mobile-projects-transcript-sticky-composer-ui-live-status.ts,composer
packages/qaap-mobile-shell/src/browser/mobile-projects-transcript-sticky-composer-ui-render.ts,composer
packages/qaap-mobile-shell/src/browser/mobile-projects-transcript-sticky-composer-ui-streaming.ts,composer
packages/qaap-mobile-shell/src/browser/mobile-projects-transcript-sticky-composer-ui-timeline.ts,composer
packages/qaap-mobile-shell/src/browser/mobile-projects-transcript-sticky-composer-ui-tool-pills.ts,composer
packages/qaap-mobile-shell/src/browser/mobile-projects-transcript-sticky-composer-ui.spec.ts,composer
packages/qaap-mobile-shell/src/browser/mobile-projects-transcript-sticky-composer-ui.ts,composer
packages/qaap-mobile-shell/src/browser/mobile-projects-transcript-submit-ui.ts,transcript
packages/qaap-mobile-shell/src/browser/mobile-projects-transcript-surfaces-helpers.ts,transcript
packages/qaap-mobile-shell/src/browser/mobile-projects-transcript-surfaces-ui-activity.ts,work-hub
packages/qaap-mobile-shell/src/browser/mobile-projects-transcript-surfaces-ui-context.ts,work-hub
packages/qaap-mobile-shell/src/browser/mobile-projects-transcript-surfaces-ui-diff.ts,work-hub
packages/qaap-mobile-shell/src/browser/mobile-projects-transcript-surfaces-ui-live-status.ts,work-hub
packages/qaap-mobile-shell/src/browser/mobile-projects-transcript-surfaces-ui-render.ts,work-hub
packages/qaap-mobile-shell/src/browser/mobile-projects-transcript-surfaces-ui-streaming.ts,work-hub
packages/qaap-mobile-shell/src/browser/mobile-projects-transcript-surfaces-ui-thought-brief.ts,work-hub
packages/qaap-mobile-shell/src/browser/mobile-projects-transcript-surfaces-ui-timeline.ts,work-hub
packages/qaap-mobile-shell/src/browser/mobile-projects-transcript-surfaces-ui-tool-pills.ts,work-hub
packages/qaap-mobile-shell/src/browser/mobile-projects-transcript-surfaces-ui.spec.ts,work-hub
packages/qaap-mobile-shell/src/browser/mobile-projects-transcript-surfaces-ui.ts,work-hub
packages/qaap-mobile-shell/src/browser/mobile-projects-transcript-timeline-utils.ts,transcript
packages/qaap-mobile-shell/src/browser/mobile-projects-transcript-verify-ui.spec.ts,transcript
packages/qaap-mobile-shell/src/browser/mobile-projects-transcript-verify-ui.ts,transcript
packages/qaap-mobile-shell/src/browser/mobile-projects-types.ts,shared-core
packages/qaap-mobile-shell/src/browser/mobile-projects-user-storage.ts,shared-core
packages/qaap-mobile-shell/src/browser/mobile-projects-work-hub-inbox-ui.ts,work-hub
packages/qaap-mobile-shell/src/browser/mobile-projects-work-hub-search-ui.ts,work-hub
packages/qaap-mobile-shell/src/browser/mobile-pull-request-panel-context.ts,diff-review
packages/qaap-mobile-shell/src/browser/mobile-pull-request-panel-render.ts,diff-review
packages/qaap-mobile-shell/src/browser/mobile-pull-request-panel-streaming.ts,diff-review
packages/qaap-mobile-shell/src/browser/mobile-pull-request-panel-timeline.ts,diff-review
packages/qaap-mobile-shell/src/browser/mobile-pull-request-panel.ts,diff-review
packages/qaap-mobile-shell/src/browser/mobile-sheet-gestures.spec.ts,mechanics
packages/qaap-mobile-shell/src/browser/mobile-sheet-gestures.ts,mechanics
packages/qaap-mobile-shell/src/browser/mobile-shell-bottom-bar-controller-context.ts,work-hub
packages/qaap-mobile-shell/src/browser/mobile-shell-bottom-bar-controller-render.ts,work-hub
packages/qaap-mobile-shell/src/browser/mobile-shell-bottom-bar-controller-streaming.ts,work-hub
packages/qaap-mobile-shell/src/browser/mobile-shell-bottom-bar-controller-timeline.ts,work-hub
packages/qaap-mobile-shell/src/browser/mobile-shell-bottom-bar-controller.spec.ts,work-hub
packages/qaap-mobile-shell/src/browser/mobile-shell-bottom-bar-controller.ts,work-hub
packages/qaap-mobile-shell/src/browser/mobile-shell-bottom-bar-widget.ts,mechanics
packages/qaap-mobile-shell/src/browser/mobile-shell-hub-navigation-controller.spec.ts,work-hub
packages/qaap-mobile-shell/src/browser/mobile-shell-hub-navigation-controller.ts,work-hub
packages/qaap-mobile-shell/src/browser/mobile-shell-ide-fallback.spec.ts,work-hub
packages/qaap-mobile-shell/src/browser/mobile-shell-ide-fallback.ts,work-hub
packages/qaap-mobile-shell/src/browser/mobile-shell-landing-controller.spec.ts,work-hub
packages/qaap-mobile-shell/src/browser/mobile-shell-landing-controller.ts,work-hub
packages/qaap-mobile-shell/src/browser/mobile-shell-landing-state.ts,shared-core
packages/qaap-mobile-shell/src/browser/mobile-shell-layout-recovery.spec.ts,work-hub
packages/qaap-mobile-shell/src/browser/mobile-shell-layout-recovery.ts,work-hub
packages/qaap-mobile-shell/src/browser/mobile-shell-overlay-host.spec.ts,work-hub
packages/qaap-mobile-shell/src/browser/mobile-shell-overlay-host.ts,work-hub
packages/qaap-mobile-shell/src/browser/mobile-shell-pull-request-panel-controller.spec.ts,diff-review
packages/qaap-mobile-shell/src/browser/mobile-shell-pull-request-panel-controller.ts,diff-review
packages/qaap-mobile-shell/src/browser/mobile-shell-session-state.spec.ts,shared-core
packages/qaap-mobile-shell/src/browser/mobile-shell-session-state.ts,shared-core
packages/qaap-mobile-shell/src/browser/mobile-shell-side-sheet-controller.spec.ts,work-hub
packages/qaap-mobile-shell/src/browser/mobile-shell-side-sheet-controller.ts,work-hub
packages/qaap-mobile-shell/src/browser/mobile-shell-transcript-chrome-controller.spec.ts,work-hub
packages/qaap-mobile-shell/src/browser/mobile-shell-transcript-chrome-controller.ts,work-hub
packages/qaap-mobile-shell/src/browser/mobile-shell-work-hub-bootstrap-host.spec.ts,work-hub
packages/qaap-mobile-shell/src/browser/mobile-shell-work-hub-bootstrap.spec.ts,work-hub
packages/qaap-mobile-shell/src/browser/mobile-shell-work-hub-bootstrap.ts,work-hub
packages/qaap-mobile-shell/src/browser/mobile-side-sheet-collapse.ts,mechanics
packages/qaap-mobile-shell/src/browser/mobile-snackbar.ts,mechanics
packages/qaap-mobile-shell/src/browser/mobile-theme-chrome-contribution.ts,work-hub
packages/qaap-mobile-shell/src/browser/mobile-touch-scroll-contribution.ts,mechanics
packages/qaap-mobile-shell/src/browser/mobile-turn-provenance-badge.ts,transcript
packages/qaap-mobile-shell/src/browser/mobile-vertical-touch-scroll.spec.ts,mechanics
packages/qaap-mobile-shell/src/browser/mobile-vertical-touch-scroll.ts,mechanics
packages/qaap-mobile-shell/src/browser/mobile-work-hub-billing-sheet.ts,work-hub
packages/qaap-mobile-shell/src/browser/mobile-work-hub-inbox-stream.spec.ts,work-hub
packages/qaap-mobile-shell/src/browser/mobile-work-hub-inbox-stream.ts,work-hub
packages/qaap-mobile-shell/src/browser/mobile-work-hub-inbox.ts,work-hub
packages/qaap-mobile-shell/src/browser/mobile-work-hub-preferences-sheet.dispose.ui-spec.ts,work-hub
packages/qaap-mobile-shell/src/browser/mobile-work-hub-preferences-sheet.spec.ts,work-hub
packages/qaap-mobile-shell/src/browser/mobile-work-hub-preferences-sheet.ts,work-hub
packages/qaap-mobile-shell/src/browser/mobile-work-hub-sessions-sidebar.spec.ts,work-hub
packages/qaap-mobile-shell/src/browser/mobile-work-hub-sessions-sidebar.ts,work-hub
packages/qaap-mobile-shell/src/browser/mobile-work-mission-control.spec.ts,work-hub
packages/qaap-mobile-shell/src/browser/mobile-work-mission-control.ts,work-hub
packages/qaap-mobile-shell/src/browser/model-capability-popover.spec.ts,composer
packages/qaap-mobile-shell/src/browser/model-capability-popover.ts,composer
packages/qaap-mobile-shell/src/browser/model-capability-slider.spec.ts,composer
packages/qaap-mobile-shell/src/browser/model-capability-slider.ts,composer
packages/qaap-mobile-shell/src/browser/qaap-account-avatar-visual.ts,work-hub
packages/qaap-mobile-shell/src/browser/qaap-activity-tool-icon-motion.spec.ts,transcript
packages/qaap-mobile-shell/src/browser/qaap-activity-tool-icon-motion.ts,transcript
packages/qaap-mobile-shell/src/browser/qaap-ag-ui-frontend-tool-service.ts,shared-core
packages/qaap-mobile-shell/src/browser/qaap-ag-ui-transcript-live-bridge.ts,transcript
packages/qaap-mobile-shell/src/browser/qaap-agent-cli-update-contribution.ts,agents-ui
packages/qaap-mobile-shell/src/browser/qaap-agent-cli-update-toast.spec.ts,agents-ui
packages/qaap-mobile-shell/src/browser/qaap-agent-cli-update-toast.ts,agents-ui
packages/qaap-mobile-shell/src/browser/qaap-agent-completion-contribution.ts,shared-core
packages/qaap-mobile-shell/src/browser/qaap-agent-dev-preview-autopilot-contribution.ts,transcript
packages/qaap-mobile-shell/src/browser/qaap-agent-finished-toast-contribution.spec.ts,shared-core
packages/qaap-mobile-shell/src/browser/qaap-agent-finished-toast-contribution.ts,shared-core
packages/qaap-mobile-shell/src/browser/qaap-agent-login-background.spec.ts,agents-ui
packages/qaap-mobile-shell/src/browser/qaap-agent-login-background.ts,work-hub
packages/qaap-mobile-shell/src/browser/qaap-agent-login-cwd.ts,agents-ui
packages/qaap-mobile-shell/src/browser/qaap-agent-login-dialog.ts,agents-ui
packages/qaap-mobile-shell/src/browser/qaap-agent-picker-loading.spec.ts,agents-ui
packages/qaap-mobile-shell/src/browser/qaap-agent-picker-loading.ts,agents-ui
packages/qaap-mobile-shell/src/browser/qaap-agent-picker-search.spec.ts,agents-ui
packages/qaap-mobile-shell/src/browser/qaap-agent-picker-search.ts,agents-ui
packages/qaap-mobile-shell/src/browser/qaap-agent-ui.spec.ts,transcript
packages/qaap-mobile-shell/src/browser/qaap-agent-ui.ts,agents-ui
packages/qaap-mobile-shell/src/browser/qaap-agent-verify-checks-resolver.ts,shared-core
packages/qaap-mobile-shell/src/browser/qaap-ai-chat-bootstrap-chip.ts,shared-core
packages/qaap-mobile-shell/src/browser/qaap-ai-chat-mobile-contribution.ts,shared-core
packages/qaap-mobile-shell/src/browser/qaap-appearance-mode-service.ts,shared-core
packages/qaap-mobile-shell/src/browser/qaap-archive-task.spec.ts,shared-core
packages/qaap-mobile-shell/src/browser/qaap-async-concurrency-limiter.spec.ts,shared-core
packages/qaap-mobile-shell/src/browser/qaap-async-concurrency-limiter.ts,shared-core
packages/qaap-mobile-shell/src/browser/qaap-auth-command-contribution.ts,work-hub
packages/qaap-mobile-shell/src/browser/qaap-background-context-provider.ts,shared-core
packages/qaap-mobile-shell/src/browser/qaap-billing-return.ts,work-hub
packages/qaap-mobile-shell/src/browser/qaap-bootstrap-display.spec.ts,shared-core
packages/qaap-mobile-shell/src/browser/qaap-bootstrap-display.ts,shared-core
packages/qaap-mobile-shell/src/browser/qaap-bootstrap-tool-providers.ts,shared-core
packages/qaap-mobile-shell/src/browser/qaap-bootstrap-tools-common.spec.ts,shared-core
packages/qaap-mobile-shell/src/browser/qaap-bootstrap-tools-common.ts,shared-core
packages/qaap-mobile-shell/src/browser/qaap-bootstrap-variable-contribution.ts,shared-core
packages/qaap-mobile-shell/src/browser/qaap-bounded-lru-map.spec.ts,shared-core
packages/qaap-mobile-shell/src/browser/qaap-bounded-lru-map.ts,shared-core
packages/qaap-mobile-shell/src/browser/qaap-build-freshness-contribution.ts,shared-core
packages/qaap-mobile-shell/src/browser/qaap-catalog-card-tap-feedback.ts,work-hub
packages/qaap-mobile-shell/src/browser/qaap-chat-context-usage-indicator.ts,transcript
packages/qaap-mobile-shell/src/browser/qaap-chat-context-usage-panel.spec.ts,transcript
packages/qaap-mobile-shell/src/browser/qaap-chat-context-usage-panel.ts,transcript
packages/qaap-mobile-shell/src/browser/qaap-chat-input-codex-contribution.ts,composer
packages/qaap-mobile-shell/src/browser/qaap-chat-input-product-chrome.tsx,composer
packages/qaap-mobile-shell/src/browser/qaap-chat-input-product-contribution.ts,composer
packages/qaap-mobile-shell/src/browser/qaap-chat-mic-dictation.spec.ts,composer
packages/qaap-mobile-shell/src/browser/qaap-chat-mic-dictation.ts,composer
packages/qaap-mobile-shell/src/browser/qaap-chat-mic-transcribe-contribution.ts,composer
packages/qaap-mobile-shell/src/browser/qaap-chat-preferences-contribution.ts,shared-core
packages/qaap-mobile-shell/src/browser/qaap-chat-view-tree-container.ts,transcript
packages/qaap-mobile-shell/src/browser/qaap-chat-view-tree-widget.ts,transcript
packages/qaap-mobile-shell/src/browser/qaap-commit-message-ai.ts,diff-review
packages/qaap-mobile-shell/src/browser/qaap-composer-branch-sheet-row.spec.ts,composer
packages/qaap-mobile-shell/src/browser/qaap-composer-branch-sheet-row.ts,composer
packages/qaap-mobile-shell/src/browser/qaap-composer-editor-context-contribution.ts,composer
packages/qaap-mobile-shell/src/browser/qaap-composer-editor-context-resolver.ts,composer
packages/qaap-mobile-shell/src/browser/qaap-composer-editor-context-service.ts,composer
packages/qaap-mobile-shell/src/browser/qaap-composer-host-contracts.ts,composer
packages/qaap-mobile-shell/src/browser/qaap-composer-preview-action.spec.ts,composer
packages/qaap-mobile-shell/src/browser/qaap-composer-preview-action.ts,composer
packages/qaap-mobile-shell/src/browser/qaap-composer-prompt-improve-feedback.ts,composer
packages/qaap-mobile-shell/src/browser/qaap-composer-prompt-improve-handler.ts,composer
packages/qaap-mobile-shell/src/browser/qaap-composer-prompt-improver.ts,composer
packages/qaap-mobile-shell/src/browser/qaap-composer-prompt-reveal.ts,composer
packages/qaap-mobile-shell/src/browser/qaap-copilot-owner-binding.ts,shared-core
packages/qaap-mobile-shell/src/browser/qaap-core-keybinding-contribution.spec.ts,shared-core
packages/qaap-mobile-shell/src/browser/qaap-core-keybinding-contribution.ts,shared-core
packages/qaap-mobile-shell/src/browser/qaap-defer-terminal-layout-init.ts,shared-core
packages/qaap-mobile-shell/src/browser/qaap-desktop-terminal-layout-contribution.ts,work-hub
packages/qaap-mobile-shell/src/browser/qaap-dev-preview-client.ts,shared-core
packages/qaap-mobile-shell/src/browser/qaap-diff-review-contribution.ts,diff-review
packages/qaap-mobile-shell/src/browser/qaap-diff-review-path.ts,diff-review
packages/qaap-mobile-shell/src/browser/qaap-diff-review-request-state.spec.ts,diff-review
packages/qaap-mobile-shell/src/browser/qaap-diff-review-request-state.ts,diff-review
packages/qaap-mobile-shell/src/browser/qaap-diff-review-select.ts,diff-review
packages/qaap-mobile-shell/src/browser/qaap-diff-review-widget.spec.ts,diff-review
packages/qaap-mobile-shell/src/browser/qaap-diff-review-widget.tsx,diff-review
packages/qaap-mobile-shell/src/browser/qaap-empty-workbench-branding-contribution.ts,work-hub
packages/qaap-mobile-shell/src/browser/qaap-execution-event-timeline.spec.ts,transcript
packages/qaap-mobile-shell/src/browser/qaap-execution-event-timeline.ts,transcript
packages/qaap-mobile-shell/src/browser/qaap-execution-surface-header-chrome.ts,shared-core
packages/qaap-mobile-shell/src/browser/qaap-file-navigator-contribution.ts,shared-core
packages/qaap-mobile-shell/src/browser/qaap-file-navigator-model.ts,shared-core
packages/qaap-mobile-shell/src/browser/qaap-file-navigator-widget.ts,shared-core
packages/qaap-mobile-shell/src/browser/qaap-header-ide-agents-switch-css.spec.ts,work-hub
packages/qaap-mobile-shell/src/browser/qaap-ide-preferences-resizer.ts,work-hub
packages/qaap-mobile-shell/src/browser/qaap-keybinding-registry.spec.ts,shared-core
packages/qaap-mobile-shell/src/browser/qaap-keybinding-registry.ts,shared-core
packages/qaap-mobile-shell/src/browser/qaap-lobehub-scroll-shadow.tsx,transcript
packages/qaap-mobile-shell/src/browser/qaap-lobehub-thinking-renderer.spec.tsx,transcript
packages/qaap-mobile-shell/src/browser/qaap-lobehub-thinking-renderer.tsx,transcript
packages/qaap-mobile-shell/src/browser/qaap-lobehub-tool-renderer.spec.tsx,transcript
packages/qaap-mobile-shell/src/browser/qaap-lobehub-tool-renderer.tsx,transcript
packages/qaap-mobile-shell/src/browser/qaap-markdown-part-renderer.spec.ts,transcript
packages/qaap-mobile-shell/src/browser/qaap-markdown-part-renderer.tsx,transcript
packages/qaap-mobile-shell/src/browser/qaap-memory-inspector-mobile-contribution.ts,shared-core
packages/qaap-mobile-shell/src/browser/qaap-mobile-agent-notification-service.ts,shared-core
packages/qaap-mobile-shell/src/browser/qaap-mobile-agent-notification.spec.ts,transcript
packages/qaap-mobile-shell/src/browser/qaap-mobile-app-preferences.ts,mechanics
packages/qaap-mobile-shell/src/browser/qaap-mobile-app-tester-contribution.ts,work-hub
packages/qaap-mobile-shell/src/browser/qaap-mobile-composer-device-attach.spec.ts,composer
packages/qaap-mobile-shell/src/browser/qaap-mobile-composer-device-attach.ts,composer
packages/qaap-mobile-shell/src/browser/qaap-mobile-context-attach-menu.ts,composer
packages/qaap-mobile-shell/src/browser/qaap-mobile-form-ui.ts,shared-core
packages/qaap-mobile-shell/src/browser/qaap-mobile-layout-utils.ts,mechanics
packages/qaap-mobile-shell/src/browser/qaap-mobile-mcp-attach-menu.ts,composer
packages/qaap-mobile-shell/src/browser/qaap-mobile-shell-frontend-module.ts,work-hub
packages/qaap-mobile-shell/src/browser/qaap-mobile-swipe-to-delete.ts,mechanics
packages/qaap-mobile-shell/src/browser/qaap-monorepo-preview-switch.spec.ts,shared-core
packages/qaap-mobile-shell/src/browser/qaap-monorepo-preview-switch.ts,shared-core
packages/qaap-mobile-shell/src/browser/qaap-multitasking-fix.spec.ts,shared-core
packages/qaap-mobile-shell/src/browser/qaap-navigator-tab-bar-decorator.ts,shared-core
packages/qaap-mobile-shell/src/browser/qaap-navigator-widget-factory.ts,shared-core
packages/qaap-mobile-shell/src/browser/qaap-outline-mobile-contribution.ts,shared-core
packages/qaap-mobile-shell/src/browser/qaap-preference-layout-provider.ts,shared-core
packages/qaap-mobile-shell/src/browser/qaap-preview-annotation-composer-session.spec.ts,composer
packages/qaap-mobile-shell/src/browser/qaap-preview-annotation-composer-session.ts,composer
packages/qaap-mobile-shell/src/browser/qaap-preview-claim-scope.spec.ts,shared-core
packages/qaap-mobile-shell/src/browser/qaap-preview-claim-scope.ts,shared-core
packages/qaap-mobile-shell/src/browser/qaap-preview-port-claim-service.spec.ts,shared-core
packages/qaap-mobile-shell/src/browser/qaap-preview-port-claim-service.ts,shared-core
packages/qaap-mobile-shell/src/browser/qaap-preview-reattachment.spec.ts,shared-core
packages/qaap-mobile-shell/src/browser/qaap-preview-reattachment.ts,shared-core
packages/qaap-mobile-shell/src/browser/qaap-preview-terminal-lifecycle.spec.ts,shared-core
packages/qaap-mobile-shell/src/browser/qaap-preview-terminal-lifecycle.ts,shared-core
packages/qaap-mobile-shell/src/browser/qaap-preview-visual-validation.spec.ts,shared-core
packages/qaap-mobile-shell/src/browser/qaap-preview-visual-validation.ts,shared-core
packages/qaap-mobile-shell/src/browser/qaap-project-bootstrap-contribution.ts,work-hub
packages/qaap-mobile-shell/src/browser/qaap-project-bootstrap-detector.spec.ts,shared-core
packages/qaap-mobile-shell/src/browser/qaap-project-bootstrap-detector.ts,shared-core
packages/qaap-mobile-shell/src/browser/qaap-project-bootstrap-dev-errors.spec.ts,shared-core
packages/qaap-mobile-shell/src/browser/qaap-project-bootstrap-dev-errors.ts,shared-core
packages/qaap-mobile-shell/src/browser/qaap-project-bootstrap-helpers.ts,shared-core
packages/qaap-mobile-shell/src/browser/qaap-project-bootstrap-install.spec.ts,shared-core
packages/qaap-mobile-shell/src/browser/qaap-project-bootstrap-install.ts,shared-core
packages/qaap-mobile-shell/src/browser/qaap-project-bootstrap-pm-detect.spec.ts,shared-core
packages/qaap-mobile-shell/src/browser/qaap-project-bootstrap-pm-detect.ts,shared-core
packages/qaap-mobile-shell/src/browser/qaap-project-bootstrap-port.spec.ts,shared-core
packages/qaap-mobile-shell/src/browser/qaap-project-bootstrap-port.ts,shared-core
packages/qaap-mobile-shell/src/browser/qaap-project-bootstrap-preview-identity.spec.ts,shared-core
packages/qaap-mobile-shell/src/browser/qaap-project-bootstrap-service-activity.ts,shared-core
packages/qaap-mobile-shell/src/browser/qaap-project-bootstrap-service-context.ts,shared-core
packages/qaap-mobile-shell/src/browser/qaap-project-bootstrap-service-render.ts,shared-core
packages/qaap-mobile-shell/src/browser/qaap-project-bootstrap-service-streaming.ts,shared-core
packages/qaap-mobile-shell/src/browser/qaap-project-bootstrap-service-timeline.ts,shared-core
packages/qaap-mobile-shell/src/browser/qaap-project-bootstrap-service-tool-pills.ts,shared-core
packages/qaap-mobile-shell/src/browser/qaap-project-bootstrap-service.ts,shared-core
packages/qaap-mobile-shell/src/browser/qaap-project-bootstrap-shell.spec.ts,shared-core
packages/qaap-mobile-shell/src/browser/qaap-project-bootstrap-shell.ts,shared-core
packages/qaap-mobile-shell/src/browser/qaap-project-bootstrap-static.spec.ts,shared-core
packages/qaap-mobile-shell/src/browser/qaap-project-bootstrap-static.ts,shared-core
packages/qaap-mobile-shell/src/browser/qaap-project-bootstrap-types.spec.ts,shared-core
packages/qaap-mobile-shell/src/browser/qaap-project-bootstrap-types.ts,shared-core
packages/qaap-mobile-shell/src/browser/qaap-project-preview-opener.ts,shared-core
packages/qaap-mobile-shell/src/browser/qaap-project-switcher-contribution.ts,work-hub
packages/qaap-mobile-shell/src/browser/qaap-project-switcher-service.ts,work-hub
packages/qaap-mobile-shell/src/browser/qaap-push-notification-contribution.ts,shared-core
packages/qaap-mobile-shell/src/browser/qaap-qaiq-bash-tool-renderer.tsx,transcript
packages/qaap-mobile-shell/src/browser/qaap-qaiq-chat-agent-contribution.ts,shared-core
packages/qaap-mobile-shell/src/browser/qaap-qaiq-chat-contents.ts,shared-core
packages/qaap-mobile-shell/src/browser/qaap-qaiq-chat-stream-sync.ts,shared-core
packages/qaap-mobile-shell/src/browser/qaap-qaiq-generic-tool-renderer.tsx,transcript
packages/qaap-mobile-shell/src/browser/qaap-qaiq-tool-renderer-utils.ts,transcript
packages/qaap-mobile-shell/src/browser/qaap-quick-command-service.ts,work-hub
packages/qaap-mobile-shell/src/browser/qaap-scm-contribution.ts,shared-core
packages/qaap-mobile-shell/src/browser/qaap-scm-keybinding-contribution.spec.ts,shared-core
packages/qaap-mobile-shell/src/browser/qaap-scm-keybinding-contribution.ts,shared-core
packages/qaap-mobile-shell/src/browser/qaap-scm-tree-widget.tsx,shared-core
packages/qaap-mobile-shell/src/browser/qaap-select-component-mobile.tsx,shared-core
packages/qaap-mobile-shell/src/browser/qaap-select-component-overlay-contribution.ts,shared-core
packages/qaap-mobile-shell/src/browser/qaap-sessions-sidebar-selection-css.spec.ts,work-hub
packages/qaap-mobile-shell/src/browser/qaap-shared-elapsed-ticker.ts,transcript
packages/qaap-mobile-shell/src/browser/qaap-shell-layout-restore-contribution.ts,work-hub
packages/qaap-mobile-shell/src/browser/qaap-slow-turn-hint.spec.ts,transcript
packages/qaap-mobile-shell/src/browser/qaap-slow-turn-hint.ts,transcript
packages/qaap-mobile-shell/src/browser/qaap-sticky-composer-activity-stack.spec.ts,composer
packages/qaap-mobile-shell/src/browser/qaap-sticky-composer-activity-stack.ts,composer
packages/qaap-mobile-shell/src/browser/qaap-sticky-composer-attachment-preview.ts,composer
packages/qaap-mobile-shell/src/browser/qaap-sticky-composer-context-ui.spec.ts,composer
packages/qaap-mobile-shell/src/browser/qaap-sticky-composer-context-ui.ts,composer
packages/qaap-mobile-shell/src/browser/qaap-sticky-composer-popover.spec.ts,composer
packages/qaap-mobile-shell/src/browser/qaap-sticky-composer-popover.ts,transcript
packages/qaap-mobile-shell/src/browser/qaap-sticky-composer-prompt-history.ts,composer
packages/qaap-mobile-shell/src/browser/qaap-sticky-composer-queue-position.spec.ts,composer
packages/qaap-mobile-shell/src/browser/qaap-sticky-composer-queue-position.ts,composer
packages/qaap-mobile-shell/src/browser/qaap-sticky-composer-step-pill.spec.ts,composer
packages/qaap-mobile-shell/src/browser/qaap-sticky-composer-step-pill.ts,composer
packages/qaap-mobile-shell/src/browser/qaap-sticky-composer-working-agents-popover.dispose.ui-spec.ts,composer
packages/qaap-mobile-shell/src/browser/qaap-sticky-composer-working-agents-popover.spec.ts,composer
packages/qaap-mobile-shell/src/browser/qaap-sticky-composer-working-agents-popover.ts,composer
packages/qaap-mobile-shell/src/browser/qaap-sticky-composer-working-detail-activity.spec.ts,composer
packages/qaap-mobile-shell/src/browser/qaap-sticky-composer-working-detail-activity.ts,composer
packages/qaap-mobile-shell/src/browser/qaap-sticky-composer-working-detail-task-log.spec.ts,composer
packages/qaap-mobile-shell/src/browser/qaap-sticky-composer-working-detail-task-log.ts,shared-core
packages/qaap-mobile-shell/src/browser/qaap-sticky-composer-working-detail-transcript.ts,transcript
packages/qaap-mobile-shell/src/browser/qaap-sticky-composer-working-pill.ts,composer
packages/qaap-mobile-shell/src/browser/qaap-sticky-composer-workspace-bar.ts,composer
packages/qaap-mobile-shell/src/browser/qaap-terminal-frontend-contribution.spec.ts,shared-core
packages/qaap-mobile-shell/src/browser/qaap-terminal-frontend-contribution.ts,shared-core
packages/qaap-mobile-shell/src/browser/qaap-terminal-link-activation.spec.ts,shared-core
packages/qaap-mobile-shell/src/browser/qaap-terminal-link-activation.ts,shared-core
packages/qaap-mobile-shell/src/browser/qaap-thinking-orb-indicator.tsx,transcript
packages/qaap-mobile-shell/src/browser/qaap-transcript-approval-card-ui.ts,transcript
packages/qaap-mobile-shell/src/browser/qaap-transcript-approval-respond.ts,transcript
packages/qaap-mobile-shell/src/browser/qaap-transcript-capture-pending-ui.spec.ts,transcript
packages/qaap-mobile-shell/src/browser/qaap-transcript-capture-pending-ui.ts,transcript
packages/qaap-mobile-shell/src/browser/qaap-transcript-context-compaction-seam.spec.ts,transcript
packages/qaap-mobile-shell/src/browser/qaap-transcript-file-open.ts,transcript
packages/qaap-mobile-shell/src/browser/qaap-transcript-files-view.dispose.ui-spec.ts,transcript
packages/qaap-mobile-shell/src/browser/qaap-transcript-files-view.spec.ts,transcript
packages/qaap-mobile-shell/src/browser/qaap-transcript-files-view.ts,transcript
packages/qaap-mobile-shell/src/browser/qaap-transcript-git-action-ui.ts,transcript
packages/qaap-mobile-shell/src/browser/qaap-transcript-host-contracts.ts,transcript
packages/qaap-mobile-shell/src/browser/qaap-transcript-image-lightbox.spec.ts,transcript
packages/qaap-mobile-shell/src/browser/qaap-transcript-image-lightbox.ts,transcript
packages/qaap-mobile-shell/src/browser/qaap-transcript-inline-approval-ui.spec.ts,transcript
packages/qaap-mobile-shell/src/browser/qaap-transcript-inline-approval-ui.ts,transcript
packages/qaap-mobile-shell/src/browser/qaap-transcript-inline-search.spec.ts,transcript
packages/qaap-mobile-shell/src/browser/qaap-transcript-inline-search.ts,transcript
packages/qaap-mobile-shell/src/browser/qaap-transcript-markdown-worker-client.spec.ts,transcript
packages/qaap-mobile-shell/src/browser/qaap-transcript-markdown-worker-client.ts,transcript
packages/qaap-mobile-shell/src/browser/qaap-transcript-markdown-worker-protocol.ts,transcript
packages/qaap-mobile-shell/src/browser/qaap-transcript-markdown-worker-stream.spec.ts,transcript
packages/qaap-mobile-shell/src/browser/qaap-transcript-markdown-worker-stream.ts,transcript
packages/qaap-mobile-shell/src/browser/qaap-transcript-markdown-worker.ts,transcript
packages/qaap-mobile-shell/src/browser/qaap-transcript-preview-bootstrap.spec.ts,transcript
packages/qaap-mobile-shell/src/browser/qaap-transcript-preview-bootstrap.ts,shared-core
packages/qaap-mobile-shell/src/browser/qaap-transcript-preview-effective-url.spec.ts,transcript
packages/qaap-mobile-shell/src/browser/qaap-transcript-preview-effective-url.ts,transcript
packages/qaap-mobile-shell/src/browser/qaap-transcript-read-position.spec.ts,transcript
packages/qaap-mobile-shell/src/browser/qaap-transcript-read-position.ts,transcript
packages/qaap-mobile-shell/src/browser/qaap-transcript-review-chrome.spec.ts,transcript
packages/qaap-mobile-shell/src/browser/qaap-transcript-review-chrome.ts,transcript
packages/qaap-mobile-shell/src/browser/qaap-transcript-rich-content-ui.ts,transcript
packages/qaap-mobile-shell/src/browser/qaap-transcript-row-defer.ts,transcript
packages/qaap-mobile-shell/src/browser/qaap-transcript-streaming-closing-narrative-skip.spec.ts,transcript
packages/qaap-mobile-shell/src/browser/qaap-transcript-terminal-restore.spec.ts,transcript
packages/qaap-mobile-shell/src/browser/qaap-transcript-terminal-restore.ts,transcript
packages/qaap-mobile-shell/src/browser/qaap-transcript-terminal-view.ts,transcript
packages/qaap-mobile-shell/src/browser/qaap-transcript-timeline-render-bench.spec.ts,transcript
packages/qaap-mobile-shell/src/browser/qaap-transcript-user-attachment-preview-ui.ts,transcript
packages/qaap-mobile-shell/src/browser/qaap-transcript-web-search-ui.ts,transcript
packages/qaap-mobile-shell/src/browser/qaap-turn-failure-shell-body-css.spec.ts,transcript
packages/qaap-mobile-shell/src/browser/qaap-turn-provenance-badge-e2e.spec.ts,transcript
packages/qaap-mobile-shell/src/browser/qaap-turn-settle-notifier.spec.ts,transcript
packages/qaap-mobile-shell/src/browser/qaap-turn-settle-notifier.ts,shared-core
packages/qaap-mobile-shell/src/browser/qaap-turn-settle-notify-contribution.ts,transcript
packages/qaap-mobile-shell/src/browser/qaap-user-ai-settings-sync.ts,shared-core
packages/qaap-mobile-shell/src/browser/qaap-verify-commit-confirm.ts,diff-review
packages/qaap-mobile-shell/src/browser/qaap-vsx-extensions-mobile-contribution.ts,shared-core
packages/qaap-mobile-shell/src/browser/qaap-watermark-commands-contribution.ts,work-hub
packages/qaap-mobile-shell/src/browser/qaap-watermark-entries.spec.ts,work-hub
packages/qaap-mobile-shell/src/browser/qaap-watermark-entries.ts,work-hub
packages/qaap-mobile-shell/src/browser/qaap-work-hub-chat-view-widget.ts,work-hub
packages/qaap-mobile-shell/src/browser/qaap-work-hub-composer-prompt-contribution.ts,work-hub
packages/qaap-mobile-shell/src/browser/qaap-work-hub-composer-prompt-service.ts,work-hub
packages/qaap-mobile-shell/src/browser/qaap-work-hub-diff-service.ts,diff-review
packages/qaap-mobile-shell/src/browser/qaap-work-hub-perf-probe-host.spec.ts,work-hub
packages/qaap-mobile-shell/src/browser/qaap-work-hub-perf-probe-host.ts,shared-core
packages/qaap-mobile-shell/src/browser/qaap-work-hub-perf-probe.spec.ts,work-hub
packages/qaap-mobile-shell/src/browser/qaap-work-hub-perf-probe.ts,work-hub
packages/qaap-mobile-shell/src/browser/qaap-work-hub-project-skill-roots.spec.ts,work-hub
packages/qaap-mobile-shell/src/browser/qaap-work-hub-project-skill-roots.ts,work-hub
packages/qaap-mobile-shell/src/browser/qaap-work-mission-control-collector.spec.ts,work-hub
packages/qaap-mobile-shell/src/browser/qaap-work-mission-control-collector.ts,work-hub
packages/qaap-mobile-shell/src/browser/qaap-work-mission-control-failure.spec.ts,work-hub
packages/qaap-mobile-shell/src/browser/qaap-work-mission-control-failure.ts,work-hub
packages/qaap-mobile-shell/src/browser/qaap-workbench-account-menu.spec.ts,work-hub
packages/qaap-mobile-shell/src/browser/qaap-workbench-account-menu.ts,work-hub
packages/qaap-mobile-shell/src/browser/qaap-workbench-frontend-module.ts,work-hub
packages/qaap-mobile-shell/src/browser/qaap-workbench-top-bar-factory.ts,work-hub
packages/qaap-mobile-shell/src/browser/qaap-workbench-top-bar-widgets.spec.ts,work-hub
packages/qaap-mobile-shell/src/browser/qaap-workbench-top-bar-widgets.ts,work-hub
packages/qaap-mobile-shell/src/browser/qaap-xterm-link-adapter.ts,shared-core
packages/qaap-mobile-shell/src/browser/style/mobile-workbench-base.css,work-hub
packages/qaap-mobile-shell/src/browser/style/mobile-workbench-chrome.css,work-hub
packages/qaap-mobile-shell/src/browser/style/mobile-workbench-conversation.css,work-hub
packages/qaap-mobile-shell/src/browser/style/mobile-workbench-ide-chrome.css,work-hub
packages/qaap-mobile-shell/src/browser/style/mobile-workbench-open-repo.css,work-hub
packages/qaap-mobile-shell/src/browser/style/mobile-workbench-projects.css,work-hub
packages/qaap-mobile-shell/src/browser/style/mobile-workbench-transcript.css,transcript
packages/qaap-mobile-shell/src/browser/style/mobile-workbench-work-hub.css,work-hub
packages/qaap-mobile-shell/src/browser/style/qaap-agent-cli-update-toast.css,agents-ui
packages/qaap-mobile-shell/src/browser/style/qaap-agent-setup-animations.css,agents-ui
packages/qaap-mobile-shell/src/browser/style/qaap-catalog-card-tap-feedback.css,work-hub
packages/qaap-mobile-shell/src/browser/style/qaap-chat-mic.css,composer
packages/qaap-mobile-shell/src/browser/style/qaap-chat-select-dropdown.css,composer
packages/qaap-mobile-shell/src/browser/style/qaap-composer-prompt-improve.css,composer
packages/qaap-mobile-shell/src/browser/style/qaap-diff-review.css,diff-review
packages/qaap-mobile-shell/src/browser/style/qaap-empty-workbench-brand.css,work-hub
packages/qaap-mobile-shell/src/browser/style/qaap-ide-preferences.css,work-hub
packages/qaap-mobile-shell/src/browser/style/qaap-mobile-touch-scroll.css,mechanics
packages/qaap-mobile-shell/src/browser/style/qaap-project-bootstrap.css,work-hub
packages/qaap-mobile-shell/src/browser/style/qaap-transcript-live-status.css,transcript
packages/qaap-mobile-shell/src/browser/style/qaap-transcript-lobehub.css,transcript
packages/qaap-mobile-shell/src/browser/style/qaap-transcript-markdown.css,transcript
packages/qaap-mobile-shell/src/browser/style/qaap-transcript-timeline-premium.css,transcript
packages/qaap-mobile-shell/src/browser/style/qaap-work-hub-pull-requests.css,work-hub
packages/qaap-mobile-shell/src/browser/style/qaap-work-hub-sessions-sidebar.css,work-hub
packages/qaap-mobile-shell/src/browser/style/qaap-work-mission-control.css,work-hub
packages/qaap-mobile-shell/src/browser/style/qaap-workbench-account-menu.css,work-hub
packages/qaap-mobile-shell/src/browser/work-hub-shell-ai-chat-input-widget.ts,composer
packages/qaap-mobile-shell/src/common/mobile-onboarding-tutorial-guard.spec.ts,work-hub
packages/qaap-mobile-shell/src/common/mobile-onboarding-tutorial-guard.ts,work-hub
packages/qaap-mobile-shell/src/common/mobile-work-hub-catalog.spec.ts,work-hub
packages/qaap-mobile-shell/src/common/mobile-work-hub-catalog.ts,shared-core
packages/qaap-mobile-shell/src/common/mobile-work-hub-inbox.spec.ts,work-hub
packages/qaap-mobile-shell/src/common/qaap-ag-ui-frontend-tool-pending.spec.ts,shared-core
packages/qaap-mobile-shell/src/common/qaap-ag-ui-frontend-tool-pending.ts,shared-core
packages/qaap-mobile-shell/src/common/qaap-ag-ui-json-patch.ts,shared-core
packages/qaap-mobile-shell/src/common/qaap-ag-ui-tool-registry.spec.ts,shared-core
packages/qaap-mobile-shell/src/common/qaap-ag-ui-tool-registry.ts,shared-core
packages/qaap-mobile-shell/src/common/qaap-ag-ui-transcript-adapter.spec.ts,shared-core
packages/qaap-mobile-shell/src/common/qaap-ag-ui-transcript-adapter.ts,shared-core
packages/qaap-mobile-shell/src/common/qaap-agent-approval-client.ts,shared-core
packages/qaap-mobile-shell/src/common/qaap-agent-auth-login.spec.ts,agents-ui
packages/qaap-mobile-shell/src/common/qaap-agent-auth-login.ts,shared-core
packages/qaap-mobile-shell/src/common/qaap-agent-branding.spec.ts,shared-core
packages/qaap-mobile-shell/src/common/qaap-agent-branding.ts,shared-core
packages/qaap-mobile-shell/src/common/qaap-agent-cli-update.spec.ts,agents-ui
packages/qaap-mobile-shell/src/common/qaap-agent-cli-update.ts,agents-ui
packages/qaap-mobile-shell/src/common/qaap-agent-context-usage.spec.ts,shared-core
packages/qaap-mobile-shell/src/common/qaap-agent-context-usage.ts,shared-core
packages/qaap-mobile-shell/src/common/qaap-agent-conversation-client.spec.ts,shared-core
packages/qaap-mobile-shell/src/common/qaap-agent-conversation-client.ts,shared-core
packages/qaap-mobile-shell/src/common/qaap-agent-conversation-failures.spec.ts,shared-core
packages/qaap-mobile-shell/src/common/qaap-agent-conversation-list-metrics.spec.ts,shared-core
packages/qaap-mobile-shell/src/common/qaap-agent-conversation-list-metrics.ts,shared-core
packages/qaap-mobile-shell/src/common/qaap-agent-failure-message.spec.ts,shared-core
packages/qaap-mobile-shell/src/common/qaap-agent-failure-message.ts,shared-core
packages/qaap-mobile-shell/src/common/qaap-agent-interactive-approvals.spec.ts,shared-core
packages/qaap-mobile-shell/src/common/qaap-agent-interactive-approvals.ts,shared-core
packages/qaap-mobile-shell/src/common/qaap-agent-message-content.spec.ts,shared-core
packages/qaap-mobile-shell/src/common/qaap-agent-message-content.ts,shared-core
packages/qaap-mobile-shell/src/common/qaap-agent-message-wire-compress.spec.ts,shared-core
packages/qaap-mobile-shell/src/common/qaap-agent-message-wire-compress.ts,shared-core
packages/qaap-mobile-shell/src/common/qaap-agent-message-wire-delta.spec.ts,shared-core
packages/qaap-mobile-shell/src/common/qaap-agent-message-wire-delta.ts,shared-core
packages/qaap-mobile-shell/src/common/qaap-agent-model-selection.spec.ts,shared-core
packages/qaap-mobile-shell/src/common/qaap-agent-model-selection.ts,shared-core
packages/qaap-mobile-shell/src/common/qaap-agent-setup-phrases.ts,agents-ui
packages/qaap-mobile-shell/src/common/qaap-agent-stream-metrics.spec.ts,shared-core
packages/qaap-mobile-shell/src/common/qaap-agent-stream-metrics.ts,shared-core
packages/qaap-mobile-shell/src/common/qaap-agent-submit-routing.spec.ts,shared-core
packages/qaap-mobile-shell/src/common/qaap-agent-submit-routing.ts,shared-core
packages/qaap-mobile-shell/src/common/qaap-agent-task-client.spec.ts,shared-core
packages/qaap-mobile-shell/src/common/qaap-agent-task-client.ts,shared-core
packages/qaap-mobile-shell/src/common/qaap-agent-task-tree.spec.ts,shared-core
packages/qaap-mobile-shell/src/common/qaap-agent-task-tree.ts,shared-core
packages/qaap-mobile-shell/src/common/qaap-agent-task-visual-status.spec.ts,shared-core
packages/qaap-mobile-shell/src/common/qaap-agent-task-visual-status.ts,shared-core
packages/qaap-mobile-shell/src/common/qaap-agent-tool-approval-rules.spec.ts,shared-core
packages/qaap-mobile-shell/src/common/qaap-agent-tool-approval-rules.ts,shared-core
packages/qaap-mobile-shell/src/common/qaap-agent-tool-support.spec.ts,shared-core
packages/qaap-mobile-shell/src/common/qaap-agent-tool-support.ts,shared-core
packages/qaap-mobile-shell/src/common/qaap-agent-transcript-segments.spec.ts,transcript
packages/qaap-mobile-shell/src/common/qaap-agent-transcript-segments.ts,transcript
packages/qaap-mobile-shell/src/common/qaap-agent-tui-command.spec.ts,shared-core
packages/qaap-mobile-shell/src/common/qaap-agent-tui-command.ts,shared-core
packages/qaap-mobile-shell/src/common/qaap-agent-turn-completion.spec.ts,transcript
packages/qaap-mobile-shell/src/common/qaap-agent-turn-completion.ts,transcript
packages/qaap-mobile-shell/src/common/qaap-agent-turn-warm.spec.ts,shared-core
packages/qaap-mobile-shell/src/common/qaap-agent-turn-warm.ts,shared-core
packages/qaap-mobile-shell/src/common/qaap-agent-verify-checks.spec.ts,shared-core
packages/qaap-mobile-shell/src/common/qaap-agent-verify-checks.ts,shared-core
packages/qaap-mobile-shell/src/common/qaap-agent-web-generation-quality-gate.spec.ts,transcript
packages/qaap-mobile-shell/src/common/qaap-agent-web-generation-quality-gate.ts,transcript
packages/qaap-mobile-shell/src/common/qaap-agent-wire-encoding.ts,shared-core
packages/qaap-mobile-shell/src/common/qaap-agents-hub-landing.spec.ts,agents-ui
packages/qaap-mobile-shell/src/common/qaap-agents-hub-landing.ts,shared-core
packages/qaap-mobile-shell/src/common/qaap-ai-features-visibility.spec.ts,shared-core
packages/qaap-mobile-shell/src/common/qaap-ai-features-visibility.ts,shared-core
packages/qaap-mobile-shell/src/common/qaap-antigravity-ag-ui-stream.spec.ts,shared-core
packages/qaap-mobile-shell/src/common/qaap-antigravity-ag-ui-stream.ts,shared-core
packages/qaap-mobile-shell/src/common/qaap-appearance-mode-integration.spec.ts,shared-core
packages/qaap-mobile-shell/src/common/qaap-appearance-mode.spec.ts,shared-core
packages/qaap-mobile-shell/src/common/qaap-appearance-mode.ts,shared-core
packages/qaap-mobile-shell/src/common/qaap-builtin-agents.spec.ts,agents-ui
packages/qaap-mobile-shell/src/common/qaap-builtin-agents.ts,shared-core
packages/qaap-mobile-shell/src/common/qaap-chat-markdown-render.spec.ts,transcript
packages/qaap-mobile-shell/src/common/qaap-chat-markdown-render.ts,transcript
packages/qaap-mobile-shell/src/common/qaap-chat-markdown-worker-bridge.ts,transcript
packages/qaap-mobile-shell/src/common/qaap-chat-ui-perf.spec.ts,transcript
packages/qaap-mobile-shell/src/common/qaap-chat-ui-perf.ts,transcript
packages/qaap-mobile-shell/src/common/qaap-chat-view-stream-update-scheduler.spec.ts,transcript
packages/qaap-mobile-shell/src/common/qaap-chat-view-stream-update-scheduler.ts,shared-core
packages/qaap-mobile-shell/src/common/qaap-chat-view-tree-incremental.spec.ts,transcript
packages/qaap-mobile-shell/src/common/qaap-chat-view-tree-incremental.ts,transcript
packages/qaap-mobile-shell/src/common/qaap-cli-ag-ui-stream.spec.ts,shared-core
packages/qaap-mobile-shell/src/common/qaap-cli-ag-ui-stream.ts,shared-core
packages/qaap-mobile-shell/src/common/qaap-cli-transcript-stream-trace.spec.ts,transcript
packages/qaap-mobile-shell/src/common/qaap-cli-transcript-stream.ts,shared-core
packages/qaap-mobile-shell/src/common/qaap-client-error-report.ts,shared-core
packages/qaap-mobile-shell/src/common/qaap-codex-ag-ui-stream.spec.ts,shared-core
packages/qaap-mobile-shell/src/common/qaap-codex-ag-ui-stream.ts,shared-core
packages/qaap-mobile-shell/src/common/qaap-codex-stream.spec.ts,shared-core
packages/qaap-mobile-shell/src/common/qaap-codex-stream.ts,shared-core
packages/qaap-mobile-shell/src/common/qaap-commit-feedback.spec.ts,diff-review
packages/qaap-mobile-shell/src/common/qaap-commit-feedback.ts,diff-review
packages/qaap-mobile-shell/src/common/qaap-composer-attachment-prompt.spec.ts,composer
packages/qaap-mobile-shell/src/common/qaap-composer-attachment-prompt.ts,shared-core
packages/qaap-mobile-shell/src/common/qaap-composer-context-entry.spec.ts,composer
packages/qaap-mobile-shell/src/common/qaap-composer-context-entry.ts,shared-core
packages/qaap-mobile-shell/src/common/qaap-composer-editor-context-bridge-core.spec.ts,composer
packages/qaap-mobile-shell/src/common/qaap-composer-editor-context-bridge-core.ts,composer
packages/qaap-mobile-shell/src/common/qaap-composer-git-action-display.spec.ts,composer
packages/qaap-mobile-shell/src/common/qaap-composer-git-action-display.ts,shared-core
packages/qaap-mobile-shell/src/common/qaap-composer-prompt-improve.spec.ts,composer
packages/qaap-mobile-shell/src/common/qaap-composer-prompt-improve.ts,composer
packages/qaap-mobile-shell/src/common/qaap-composer-skill-display.ts,shared-core
packages/qaap-mobile-shell/src/common/qaap-composer-skill-submit.spec.ts,composer
packages/qaap-mobile-shell/src/common/qaap-composer-skill-submit.ts,shared-core
packages/qaap-mobile-shell/src/common/qaap-composer-surface.spec.ts,composer
packages/qaap-mobile-shell/src/common/qaap-composer-surface.ts,composer
packages/qaap-mobile-shell/src/common/qaap-composer-workspace-project.spec.ts,composer
packages/qaap-mobile-shell/src/common/qaap-composer-workspace-project.ts,shared-core
packages/qaap-mobile-shell/src/common/qaap-conversation-change.spec.ts,shared-core
packages/qaap-mobile-shell/src/common/qaap-conversation-change.ts,shared-core
packages/qaap-mobile-shell/src/common/qaap-conversation-clipboard-text.spec.ts,shared-core
packages/qaap-mobile-shell/src/common/qaap-conversation-clipboard-text.ts,shared-core
packages/qaap-mobile-shell/src/common/qaap-conversation-composer-state.spec.ts,composer
packages/qaap-mobile-shell/src/common/qaap-conversation-composer-state.ts,composer
packages/qaap-mobile-shell/src/common/qaap-desktop-ide-workspace-plan.spec.ts,work-hub
packages/qaap-mobile-shell/src/common/qaap-desktop-ide-workspace-plan.ts,work-hub
packages/qaap-mobile-shell/src/common/qaap-dev-preview.spec.ts,shared-core
packages/qaap-mobile-shell/src/common/qaap-dev-preview.ts,shared-core
packages/qaap-mobile-shell/src/common/qaap-diff-review-path.spec.ts,diff-review
packages/qaap-mobile-shell/src/common/qaap-execution-surface-tabs.ts,shared-core
packages/qaap-mobile-shell/src/common/qaap-failed-duplicate-collapse.spec.ts,transcript
packages/qaap-mobile-shell/src/common/qaap-failed-duplicate-collapse.ts,transcript
packages/qaap-mobile-shell/src/common/qaap-file-icon-utils.spec.ts,shared-core
packages/qaap-mobile-shell/src/common/qaap-file-icon-utils.ts,shared-core
packages/qaap-mobile-shell/src/common/qaap-git-review-error.spec.ts,diff-review
packages/qaap-mobile-shell/src/common/qaap-git-review-hunk-patch.spec.ts,diff-review
packages/qaap-mobile-shell/src/common/qaap-git-review-pr-readiness.spec.ts,diff-review
packages/qaap-mobile-shell/src/common/qaap-git-review.ts,shared-core
packages/qaap-mobile-shell/src/common/qaap-grok-brand-mark.ts,shared-core
packages/qaap-mobile-shell/src/common/qaap-harness-preferences.ts,shared-core
packages/qaap-mobile-shell/src/common/qaap-hermes-model-catalog.spec.ts,shared-core
packages/qaap-mobile-shell/src/common/qaap-hermes-model-catalog.ts,shared-core
packages/qaap-mobile-shell/src/common/qaap-hosted-agent-auth-policy.spec.ts,agents-ui
packages/qaap-mobile-shell/src/common/qaap-hosted-agent-auth-policy.ts,shared-core
packages/qaap-mobile-shell/src/common/qaap-hub-project-eligibility.spec.ts,work-hub
packages/qaap-mobile-shell/src/common/qaap-hub-project-eligibility.ts,shared-core
packages/qaap-mobile-shell/src/common/qaap-isolated-fork-grouping.spec.ts,shared-core
packages/qaap-mobile-shell/src/common/qaap-isolated-fork-grouping.ts,shared-core
packages/qaap-mobile-shell/src/common/qaap-llm-provider-branding.spec.ts,shared-core
packages/qaap-mobile-shell/src/common/qaap-llm-provider-branding.ts,shared-core
packages/qaap-mobile-shell/src/common/qaap-llm-provider-icon-assets.spec.ts,shared-core
packages/qaap-mobile-shell/src/common/qaap-llm-provider-icon-assets.ts,shared-core
packages/qaap-mobile-shell/src/common/qaap-mcp-plugin-icon-assets.ts,composer
packages/qaap-mobile-shell/src/common/qaap-mcp-plugin-icons.ts,composer
packages/qaap-mobile-shell/src/common/qaap-mcp-plugin-install.spec.ts,composer
packages/qaap-mobile-shell/src/common/qaap-mcp-plugin-install.ts,composer
packages/qaap-mobile-shell/src/common/qaap-mcp-plugin-marketplace-catalog.spec.ts,composer
packages/qaap-mobile-shell/src/common/qaap-mcp-plugin-marketplace-catalog.ts,composer
packages/qaap-mobile-shell/src/common/qaap-mobile-composer-device-attach.ts,composer
packages/qaap-mobile-shell/src/common/qaap-mobile-composer-project-file-attach.spec.ts,composer
packages/qaap-mobile-shell/src/common/qaap-mobile-composer-project-file-attach.ts,composer
packages/qaap-mobile-shell/src/common/qaap-mobile-work-surface-preference.spec.ts,shared-core
packages/qaap-mobile-shell/src/common/qaap-mobile-work-surface-preference.ts,shared-core
packages/qaap-mobile-shell/src/common/qaap-model-latency-stats.spec.ts,shared-core
packages/qaap-mobile-shell/src/common/qaap-model-latency-stats.ts,shared-core
packages/qaap-mobile-shell/src/common/qaap-openclaude-model-catalog.spec.ts,shared-core
packages/qaap-mobile-shell/src/common/qaap-openclaude-model-catalog.ts,shared-core
packages/qaap-mobile-shell/src/common/qaap-opencode-ag-ui-stream.spec.ts,shared-core
packages/qaap-mobile-shell/src/common/qaap-opencode-ag-ui-stream.ts,shared-core
packages/qaap-mobile-shell/src/common/qaap-opencode-stream.spec.ts,shared-core
packages/qaap-mobile-shell/src/common/qaap-opencode-stream.ts,shared-core
packages/qaap-mobile-shell/src/common/qaap-parallel-run-client.ts,shared-core
packages/qaap-mobile-shell/src/common/qaap-pending-user-messages-merge.spec.ts,shared-core
packages/qaap-mobile-shell/src/common/qaap-pending-user-messages-merge.ts,shared-core
packages/qaap-mobile-shell/src/common/qaap-preview-feedback-context.spec.ts,shared-core
packages/qaap-mobile-shell/src/common/qaap-preview-feedback-context.ts,shared-core
packages/qaap-mobile-shell/src/common/qaap-preview-feedback-submit-target.spec.ts,shared-core
packages/qaap-mobile-shell/src/common/qaap-preview-feedback-submit-target.ts,shared-core
packages/qaap-mobile-shell/src/common/qaap-preview-feedback-transcript.spec.ts,transcript
packages/qaap-mobile-shell/src/common/qaap-preview-feedback-transcript.ts,shared-core
packages/qaap-mobile-shell/src/common/qaap-preview-identity.spec.ts,shared-core
packages/qaap-mobile-shell/src/common/qaap-preview-identity.ts,shared-core
packages/qaap-mobile-shell/src/common/qaap-preview-launch-plan.spec.ts,shared-core
packages/qaap-mobile-shell/src/common/qaap-preview-launch-plan.ts,shared-core
packages/qaap-mobile-shell/src/common/qaap-project-bootstrap-phase.spec.ts,shared-core
packages/qaap-mobile-shell/src/common/qaap-project-bootstrap-phase.ts,shared-core
packages/qaap-mobile-shell/src/common/qaap-project-bootstrap-scaffold-plan.spec.ts,shared-core
packages/qaap-mobile-shell/src/common/qaap-project-bootstrap-scaffold-plan.ts,shared-core
packages/qaap-mobile-shell/src/common/qaap-project-bootstrap-static.ts,shared-core
packages/qaap-mobile-shell/src/common/qaap-project-composer-draft.spec.ts,composer
packages/qaap-mobile-shell/src/common/qaap-project-composer-draft.ts,composer
packages/qaap-mobile-shell/src/common/qaap-qaiq-ag-ui-stream.spec.ts,shared-core
packages/qaap-mobile-shell/src/common/qaap-qaiq-ag-ui-stream.ts,shared-core
packages/qaap-mobile-shell/src/common/qaap-qaiq-byok-provider-registry.spec.ts,shared-core
packages/qaap-mobile-shell/src/common/qaap-qaiq-byok-provider-registry.ts,shared-core
packages/qaap-mobile-shell/src/common/qaap-qaiq-interaction-flags.spec.ts,shared-core
packages/qaap-mobile-shell/src/common/qaap-qaiq-interaction-flags.ts,shared-core
packages/qaap-mobile-shell/src/common/qaap-qaiq-model-catalog.spec.ts,shared-core
packages/qaap-mobile-shell/src/common/qaap-qaiq-model-catalog.ts,shared-core
packages/qaap-mobile-shell/src/common/qaap-qaiq-stream.spec.ts,shared-core
packages/qaap-mobile-shell/src/common/qaap-qaiq-stream.ts,shared-core
packages/qaap-mobile-shell/src/common/qaap-quoted-text-context.ts,composer
packages/qaap-mobile-shell/src/common/qaap-research-agent-log.spec.ts,shared-core
packages/qaap-mobile-shell/src/common/qaap-research-agent-log.ts,shared-core
packages/qaap-mobile-shell/src/common/qaap-research-api.ts,shared-core
packages/qaap-mobile-shell/src/common/qaap-research-goal.spec.ts,shared-core
packages/qaap-mobile-shell/src/common/qaap-research-goal.ts,shared-core
packages/qaap-mobile-shell/src/common/qaap-research-hash.ts,shared-core
packages/qaap-mobile-shell/src/common/qaap-research-ledger.spec.ts,shared-core
packages/qaap-mobile-shell/src/common/qaap-research-ledger.ts,shared-core
packages/qaap-mobile-shell/src/common/qaap-research-prompt.spec.ts,shared-core
packages/qaap-mobile-shell/src/common/qaap-research-prompt.ts,shared-core
packages/qaap-mobile-shell/src/common/qaap-research-realchange.spec.ts,shared-core
packages/qaap-mobile-shell/src/common/qaap-research-realchange.ts,shared-core
packages/qaap-mobile-shell/src/common/qaap-run-turn-pairing.spec.ts,shared-core
packages/qaap-mobile-shell/src/common/qaap-scm-changes-icon.spec.ts,diff-review
packages/qaap-mobile-shell/src/common/qaap-scm-changes-icon.ts,shared-core
packages/qaap-mobile-shell/src/common/qaap-sessions-sidebar-conversation-limit.spec.ts,work-hub
packages/qaap-mobile-shell/src/common/qaap-sessions-sidebar-conversation-limit.ts,work-hub
packages/qaap-mobile-shell/src/common/qaap-sticky-composer-approval-policy.spec.ts,composer
packages/qaap-mobile-shell/src/common/qaap-sticky-composer-approval-policy.ts,shared-core
packages/qaap-mobile-shell/src/common/qaap-sticky-composer-attachment-utils.ts,composer
packages/qaap-mobile-shell/src/common/qaap-sticky-composer-control-click.ts,composer
packages/qaap-mobile-shell/src/common/qaap-sticky-composer-mention.spec.ts,composer
packages/qaap-mobile-shell/src/common/qaap-sticky-composer-mention.ts,composer
packages/qaap-mobile-shell/src/common/qaap-sticky-composer-mode.spec.ts,composer
packages/qaap-mobile-shell/src/common/qaap-sticky-composer-mode.ts,shared-core
packages/qaap-mobile-shell/src/common/qaap-sticky-composer-model-capability.spec.ts,composer
packages/qaap-mobile-shell/src/common/qaap-sticky-composer-model-capability.ts,composer
packages/qaap-mobile-shell/src/common/qaap-sticky-composer-plugin-picker.spec.ts,composer
packages/qaap-mobile-shell/src/common/qaap-sticky-composer-plugin-picker.ts,composer
packages/qaap-mobile-shell/src/common/qaap-sticky-composer-prompt-history-core.spec.ts,composer
packages/qaap-mobile-shell/src/common/qaap-sticky-composer-prompt-history-core.ts,composer
packages/qaap-mobile-shell/src/common/qaap-sticky-composer-slash-actions.spec.ts,composer
packages/qaap-mobile-shell/src/common/qaap-sticky-composer-slash-actions.ts,composer
packages/qaap-mobile-shell/src/common/qaap-sticky-composer-slash-menu.spec.ts,composer
packages/qaap-mobile-shell/src/common/qaap-sticky-composer-slash-menu.ts,composer
packages/qaap-mobile-shell/src/common/qaap-sticky-composer-syntax-highlight.spec.ts,composer
packages/qaap-mobile-shell/src/common/qaap-sticky-composer-syntax-highlight.ts,composer
packages/qaap-mobile-shell/src/common/qaap-sticky-composer-workspace-bar.spec.ts,composer
packages/qaap-mobile-shell/src/common/qaap-sync-stream-response-contents.spec.ts,transcript
packages/qaap-mobile-shell/src/common/qaap-sync-stream-response-contents.ts,shared-core
packages/qaap-mobile-shell/src/common/qaap-tasks-background-prompt-ids.ts,shared-core
packages/qaap-mobile-shell/src/common/qaap-thinking-orb-phase.spec.ts,transcript
packages/qaap-mobile-shell/src/common/qaap-thinking-orb-phase.ts,transcript
packages/qaap-mobile-shell/src/common/qaap-thread-store.spec.ts,shared-core
packages/qaap-mobile-shell/src/common/qaap-thread-store.ts,shared-core
packages/qaap-mobile-shell/src/common/qaap-tool-umbrella.ts,transcript
packages/qaap-mobile-shell/src/common/qaap-transcript-activity-diff-peek.spec.ts,transcript
packages/qaap-mobile-shell/src/common/qaap-transcript-activity-diff-peek.ts,transcript
packages/qaap-mobile-shell/src/common/qaap-transcript-activity-expand-core.ts,transcript
packages/qaap-mobile-shell/src/common/qaap-transcript-activity-keyboard.spec.ts,transcript
packages/qaap-mobile-shell/src/common/qaap-transcript-activity-keyboard.ts,transcript
packages/qaap-mobile-shell/src/common/qaap-transcript-activity-navigation.spec.ts,transcript
packages/qaap-mobile-shell/src/common/qaap-transcript-activity-navigation.ts,transcript
packages/qaap-mobile-shell/src/common/qaap-transcript-activity-nesting.spec.ts,transcript
packages/qaap-mobile-shell/src/common/qaap-transcript-activity-nesting.ts,transcript
packages/qaap-mobile-shell/src/common/qaap-transcript-activity-step-state.spec.ts,transcript
packages/qaap-mobile-shell/src/common/qaap-transcript-activity-step-state.ts,transcript
packages/qaap-mobile-shell/src/common/qaap-transcript-activity-subagent-card.spec.ts,transcript
packages/qaap-mobile-shell/src/common/qaap-transcript-activity-subagent-card.ts,transcript
packages/qaap-mobile-shell/src/common/qaap-transcript-activity-timeline-summary.spec.ts,transcript
packages/qaap-mobile-shell/src/common/qaap-transcript-activity-timeline-summary.ts,transcript
packages/qaap-mobile-shell/src/common/qaap-transcript-activity-timing.spec.ts,transcript
packages/qaap-mobile-shell/src/common/qaap-transcript-activity-timing.ts,transcript
packages/qaap-mobile-shell/src/common/qaap-transcript-agentic-settle-contract.spec.ts,transcript
packages/qaap-mobile-shell/src/common/qaap-transcript-approval-inline.spec.ts,transcript
packages/qaap-mobile-shell/src/common/qaap-transcript-approval-inline.ts,transcript
packages/qaap-mobile-shell/src/common/qaap-transcript-checkpoint-restore.spec.ts,transcript
packages/qaap-mobile-shell/src/common/qaap-transcript-checkpoint-restore.ts,transcript
packages/qaap-mobile-shell/src/common/qaap-transcript-composer-activity.spec.ts,transcript
packages/qaap-mobile-shell/src/common/qaap-transcript-content-display.spec.ts,transcript
packages/qaap-mobile-shell/src/common/qaap-transcript-content-display.ts,shared-core
packages/qaap-mobile-shell/src/common/qaap-transcript-cursor-trace-label.spec.ts,transcript
packages/qaap-mobile-shell/src/common/qaap-transcript-cursor-trace-label.ts,transcript
packages/qaap-mobile-shell/src/common/qaap-transcript-document-visibility.ts,transcript
packages/qaap-mobile-shell/src/common/qaap-transcript-history-filter.spec.ts,transcript
packages/qaap-mobile-shell/src/common/qaap-transcript-history-filter.ts,transcript
packages/qaap-mobile-shell/src/common/qaap-transcript-idle-scheduler.spec.ts,transcript
packages/qaap-mobile-shell/src/common/qaap-transcript-idle-scheduler.ts,transcript
packages/qaap-mobile-shell/src/common/qaap-transcript-live-status.spec.ts,transcript
packages/qaap-mobile-shell/src/common/qaap-transcript-live-status.ts,transcript
packages/qaap-mobile-shell/src/common/qaap-transcript-preview-bootstrap-failure.spec.ts,transcript
packages/qaap-mobile-shell/src/common/qaap-transcript-preview-bootstrap-failure.ts,transcript
packages/qaap-mobile-shell/src/common/qaap-transcript-preview-offer.spec.ts,transcript
packages/qaap-mobile-shell/src/common/qaap-transcript-preview-offer.ts,shared-core
packages/qaap-mobile-shell/src/common/qaap-transcript-row-defer-math.ts,transcript
packages/qaap-mobile-shell/src/common/qaap-transcript-row-defer.spec.ts,transcript
packages/qaap-mobile-shell/src/common/qaap-transcript-search-matches-core.spec.ts,transcript
packages/qaap-mobile-shell/src/common/qaap-transcript-search-matches-core.ts,transcript
packages/qaap-mobile-shell/src/common/qaap-transcript-semantic-progress.spec.ts,transcript
packages/qaap-mobile-shell/src/common/qaap-transcript-semantic-progress.ts,transcript
packages/qaap-mobile-shell/src/common/qaap-transcript-stream-health.spec.ts,transcript
packages/qaap-mobile-shell/src/common/qaap-transcript-stream-health.ts,transcript
packages/qaap-mobile-shell/src/common/qaap-transcript-stream-smooth.spec.ts,transcript
packages/qaap-mobile-shell/src/common/qaap-transcript-stream-smooth.ts,transcript
packages/qaap-mobile-shell/src/common/qaap-transcript-stream-status.spec.ts,transcript
packages/qaap-mobile-shell/src/common/qaap-transcript-stream-status.ts,transcript
packages/qaap-mobile-shell/src/common/qaap-transcript-streaming-activity.spec.ts,transcript
packages/qaap-mobile-shell/src/common/qaap-transcript-streaming-activity.ts,transcript
packages/qaap-mobile-shell/src/common/qaap-transcript-streaming-coalesce.spec.ts,transcript
packages/qaap-mobile-shell/src/common/qaap-transcript-streaming-coalesce.ts,transcript
packages/qaap-mobile-shell/src/common/qaap-transcript-timeline-gap-expand.spec.ts,transcript
packages/qaap-mobile-shell/src/common/qaap-transcript-timeline-gap-expand.ts,transcript
packages/qaap-mobile-shell/src/common/qaap-transcript-timeline-sync-fingerprint.spec.ts,transcript
packages/qaap-mobile-shell/src/common/qaap-transcript-timeline-sync-fingerprint.ts,transcript
packages/qaap-mobile-shell/src/common/qaap-transcript-timeline-tier.spec.ts,transcript
packages/qaap-mobile-shell/src/common/qaap-transcript-timeline-tier.ts,transcript
packages/qaap-mobile-shell/src/common/qaap-transcript-timeline-visibility.spec.ts,transcript
packages/qaap-mobile-shell/src/common/qaap-transcript-timeline-visibility.ts,transcript
packages/qaap-mobile-shell/src/common/qaap-transcript-timeline-window.spec.ts,transcript
packages/qaap-mobile-shell/src/common/qaap-transcript-timeline-window.ts,transcript
packages/qaap-mobile-shell/src/common/qaap-transcript-todo-step.spec.ts,transcript
packages/qaap-mobile-shell/src/common/qaap-transcript-todo-step.ts,transcript
packages/qaap-mobile-shell/src/common/qaap-transcript-tool-error-display.spec.ts,transcript
packages/qaap-mobile-shell/src/common/qaap-transcript-tool-error-display.ts,transcript
packages/qaap-mobile-shell/src/common/qaap-transcript-tool-ui-payloads.spec.ts,transcript
packages/qaap-mobile-shell/src/common/qaap-transcript-tool-ui-payloads.ts,transcript
packages/qaap-mobile-shell/src/common/qaap-transcript-trace-backfill.spec.ts,transcript
packages/qaap-mobile-shell/src/common/qaap-transcript-trace-backfill.ts,shared-core
packages/qaap-mobile-shell/src/common/qaap-transcript-trace-lifecycle.spec.ts,transcript
packages/qaap-mobile-shell/src/common/qaap-transcript-trace-lifecycle.ts,transcript
packages/qaap-mobile-shell/src/common/qaap-transcript-trace-model.spec.ts,transcript
packages/qaap-mobile-shell/src/common/qaap-transcript-trace-model.ts,shared-core
packages/qaap-mobile-shell/src/common/qaap-transcript-trace-path.spec.ts,transcript
packages/qaap-mobile-shell/src/common/qaap-transcript-trace-path.ts,transcript
packages/qaap-mobile-shell/src/common/qaap-transcript-turn-status.spec.ts,transcript
packages/qaap-mobile-shell/src/common/qaap-transcript-turn-status.ts,shared-core
packages/qaap-mobile-shell/src/common/qaap-transcript-user-image-preview.ts,shared-core
packages/qaap-mobile-shell/src/common/qaap-transcript-web-search-core.spec.ts,transcript
packages/qaap-mobile-shell/src/common/qaap-transcript-web-search-core.ts,transcript
packages/qaap-mobile-shell/src/common/qaap-transcript-workspace-cwd.spec.ts,transcript
packages/qaap-mobile-shell/src/common/qaap-transcript-workspace-cwd.ts,transcript
packages/qaap-mobile-shell/src/common/qaap-user-ai-settings-overlay.spec.ts,shared-core
packages/qaap-mobile-shell/src/common/qaap-user-ai-settings-overlay.ts,shared-core
packages/qaap-mobile-shell/src/common/qaap-verify-commit-readiness.spec.ts,diff-review
packages/qaap-mobile-shell/src/common/qaap-verify-commit-readiness.ts,diff-review
packages/qaap-mobile-shell/src/common/qaap-visual-flow-plan.spec.ts,shared-core
packages/qaap-mobile-shell/src/common/qaap-visual-flow-plan.ts,shared-core
packages/qaap-mobile-shell/src/common/qaap-visual-settlement.spec.ts,shared-core
packages/qaap-mobile-shell/src/common/qaap-visual-settlement.ts,shared-core
packages/qaap-mobile-shell/src/common/qaap-visual-verification.spec.ts,shared-core
packages/qaap-mobile-shell/src/common/qaap-visual-verification.ts,shared-core
packages/qaap-mobile-shell/src/common/qaap-work-hub-command-palette.spec.ts,work-hub
packages/qaap-mobile-shell/src/common/qaap-work-hub-command-palette.ts,work-hub
packages/qaap-mobile-shell/src/common/qaap-work-hub-composer-prompt.ts,composer
packages/qaap-mobile-shell/src/common/qaap-work-hub-cron.spec.ts,work-hub
packages/qaap-mobile-shell/src/common/qaap-work-hub-cron.ts,work-hub
packages/qaap-mobile-shell/src/common/qaap-work-hub-dialog-utils.spec.ts,work-hub
packages/qaap-mobile-shell/src/common/qaap-work-hub-dialog-utils.ts,work-hub
packages/qaap-mobile-shell/src/common/qaap-work-hub-home.spec.ts,work-hub
packages/qaap-mobile-shell/src/common/qaap-work-hub-home.ts,work-hub
packages/qaap-mobile-shell/src/common/qaap-work-hub-inbox-fingerprint.spec.ts,work-hub
packages/qaap-mobile-shell/src/common/qaap-work-hub-inbox-fingerprint.ts,work-hub
packages/qaap-mobile-shell/src/common/qaap-work-hub-multi-agent.spec.ts,work-hub
packages/qaap-mobile-shell/src/common/qaap-work-hub-perf-probe.ts,shared-core
packages/qaap-mobile-shell/src/common/qaap-work-hub-routine.spec.ts,work-hub
packages/qaap-mobile-shell/src/common/qaap-work-hub-routine.ts,work-hub
packages/qaap-mobile-shell/src/common/qaap-work-hub-sessions-sidebar-fingerprint.spec.ts,work-hub
packages/qaap-mobile-shell/src/common/qaap-work-hub-sessions-sidebar-fingerprint.ts,work-hub
packages/qaap-mobile-shell/src/common/qaap-work-hub-surfaces.spec.ts,work-hub
packages/qaap-mobile-shell/src/common/qaap-work-hub-surfaces.ts,shared-core
packages/qaap-mobile-shell/src/common/qaap-work-hub-team-fingerprint.spec.ts,work-hub
packages/qaap-mobile-shell/src/common/qaap-work-hub-team-fingerprint.ts,work-hub
packages/qaap-mobile-shell/src/common/qaap-work-hub-team.spec.ts,work-hub
packages/qaap-mobile-shell/src/common/qaap-work-hub-team.ts,shared-core
packages/qaap-mobile-shell/src/common/qaap-work-hub-usage-summary.spec.ts,work-hub
packages/qaap-mobile-shell/src/common/qaap-work-hub-usage-summary.ts,work-hub
packages/qaap-mobile-shell/src/common/qaap-work-mission-control-fingerprint.spec.ts,work-hub
packages/qaap-mobile-shell/src/common/qaap-work-mission-control-fingerprint.ts,work-hub
packages/qaap-mobile-shell/src/common/qaap-work-surface-reload.ui-spec.ts,shared-core
packages/qaap-mobile-shell/src/node/qaap-beta-access-policy.spec.ts,shared-core
packages/qaap-mobile-shell/src/node/qaap-beta-access-policy.ts,shared-core
packages/qaap-mobile-shell/src/node/qaap-client-error-endpoint.ts,shared-core
packages/qaap-mobile-shell/src/node/qaap-dev-preview-endpoint-context.ts,shared-core
packages/qaap-mobile-shell/src/node/qaap-dev-preview-endpoint-render.ts,shared-core
packages/qaap-mobile-shell/src/node/qaap-dev-preview-endpoint-streaming.ts,shared-core
packages/qaap-mobile-shell/src/node/qaap-dev-preview-endpoint-timeline.ts,shared-core
packages/qaap-mobile-shell/src/node/qaap-dev-preview-endpoint.spec.ts,shared-core
packages/qaap-mobile-shell/src/node/qaap-dev-preview-endpoint.ts,shared-core
packages/qaap-mobile-shell/src/node/qaap-dev-preview-forward-headers.spec.ts,shared-core
packages/qaap-mobile-shell/src/node/qaap-dev-preview-forward-headers.ts,shared-core
packages/qaap-mobile-shell/src/node/qaap-dev-preview-port-listener.spec.ts,shared-core
packages/qaap-mobile-shell/src/node/qaap-dev-preview-port-listener.ts,shared-core
packages/qaap-mobile-shell/src/node/qaap-dev-preview-port-registry.spec.ts,shared-core
packages/qaap-mobile-shell/src/node/qaap-dev-preview-port-registry.ts,shared-core
packages/qaap-mobile-shell/src/node/qaap-dev-preview-target-host.spec.ts,shared-core
packages/qaap-mobile-shell/src/node/qaap-dev-preview-target-host.ts,shared-core
packages/qaap-mobile-shell/src/node/qaap-git-review-endpoint.spec.ts,diff-review
packages/qaap-mobile-shell/src/node/qaap-git-review-endpoint.ts,diff-review
packages/qaap-mobile-shell/src/node/qaap-git-review-hunk-apply.spec.ts,diff-review
packages/qaap-mobile-shell/src/node/qaap-git-review-pr-readiness.spec.ts,diff-review
packages/qaap-mobile-shell/src/node/qaap-github-api.ts,shared-core
packages/qaap-mobile-shell/src/node/qaap-github-auth-guard.ts,shared-core
packages/qaap-mobile-shell/src/node/qaap-github-inbox-endpoint.ts,shared-core
packages/qaap-mobile-shell/src/node/qaap-github-inbox-hub.ts,shared-core
packages/qaap-mobile-shell/src/node/qaap-github-oauth-config.spec.ts,shared-core
packages/qaap-mobile-shell/src/node/qaap-github-oauth-config.ts,shared-core
packages/qaap-mobile-shell/src/node/qaap-github-oauth-endpoint.spec.ts,shared-core
packages/qaap-mobile-shell/src/node/qaap-github-oauth-endpoint.ts,shared-core
packages/qaap-mobile-shell/src/node/qaap-github-seed-empty-repository.spec.ts,shared-core
packages/qaap-mobile-shell/src/node/qaap-github-seed-empty-repository.ts,shared-core
packages/qaap-mobile-shell/src/node/qaap-github-session-store.ts,shared-core
packages/qaap-mobile-shell/src/node/qaap-mobile-shell-backend-module.ts,work-hub
packages/qaap-mobile-shell/src/node/qaap-production-auth-readiness.spec.ts,shared-core
packages/qaap-mobile-shell/src/node/qaap-production-auth-readiness.ts,shared-core
packages/qaap-mobile-shell/src/node/qaap-production-boot-guard.ts,shared-core
packages/qaap-mobile-shell/src/node/qaap-project-session-store.ts,shared-core
packages/qaap-mobile-shell/src/node/qaap-realpath-guard.spec.ts,shared-core
packages/qaap-mobile-shell/src/node/qaap-realpath-guard.ts,shared-core
packages/qaap-mobile-shell/src/node/qaap-user-isolation-security.spec.ts,shared-core
packages/qaap-mobile-shell/src/qaap-css-modules.d.ts,work-hub
